p(SMILES),PCE_max(%),PCE_ave(%),Jsc(mA/cm2),FF,Voc(V),Eg_n(eV).1,Mw (kg/mol),Mn(kg/mol),PDI,HOMO_n(eV).1,'-LUMO_n(eV).1
CC(C1=NSN=C12)=C(F)C(F)=C2C3=CC=C(C4=C(C(OCC(CCCCCCCCCC)CCCCCCCCCCCC)=O)C=C(C5=CC(C(OCC(CCCCCCCCCC)CCCCCCCCCCCC)=O)=C(C6=CC=C(C)S6)S5)S4)S3,3.61,3.61,6.7,0.68,0.8,2.06,86.9,42.8,2.03,5.66,3.6
CC(S1)=C(CC2CCCCC2)C=C1C(C3=NN(CC(CCCCCCCC)CCCCCC)N=C34)=C(F)C(F)=C4C5=CC(CC6CCCCC6)=C(C7=CC8=C(C(C9=CC=C(CC(CC)CCCC)S9)=C%10C=C(SC%10=C8C%11=CC=C(CC(CC)CCCC)S%11)C)S7)S5,11.35,11.18,18.2,0.7,0.89,2.0,175.0,68.6,2.55,5.29,3.29
CC(S1)=C(CC2CCCCC2)C=C1C(C3=NN(CC(CCCCCCCC)CCCCCC)N=C34)=C(F)C(F)=C4C5=CC(CC6CCCCC6)=C(C7=CC8=C(C(C9=CC=C(SCC(CC)CCCC)S9)=C%10C=C(SC%10=C8C%11=CC=C(SCC(CC)CCCC)S%11)C)S7)S5,12.15,11.86,17.61,0.732,0.94,1.97,145.0,56.1,2.59,5.33,3.36
CC(S1)=C(F)C(F)=C1C2=CC=C(C)C3=NC=C(OCC(CCCCCCCC)CCCCCC)N=C23,0.9,0.86,3.11,0.325,0.89,2.76,33.3,20.8,1.6,5.68,2.92
CC(S1)=CC(F)=C1C(S2)=C(F)C=C2C(S3)=CC=C3C(C4=C5N=C(C6=CC=CC(OCC(CC)CCCC)=C6)C(C7=CC(OCC(CC)CCCC)=CC=C7)=N4)=CC8=C5C=C(C9=CC=C(C)S9)C%10=C8N=C(C%11=CC=CC(OCC(CC)CCCC)=C%11)C(C%12=CC(OCC(CC)CCCC)=CC=C%12)=N%10,7.5,7.4,14.3,0.66,0.8,1.9,33.1,17.4,1.9,5.29,3.375
CC(S1)=CC(F)=C1C2=C(F)C=C(C3=C(OCCCCCCCC)C(OCCCCCCCC)=C(C)C4=NON=C43)S2,10.2,9.95,15.11,0.63,1.01,1.72,62.8,31.1,2.02,5.33,3.61
CC(S1)=CC(OCCCCCCCCCCCC)=C1C2=CC(F)=C(C3=C(OCCCCCCCCCCCC)C=C(C4=C5C(C(N(CC(CCCCCC)CCCCCCCC)C5=O)=O)=C(C)S4)S3)C=C2F,10.04,9.76,18.34,0.674,0.812,1.83,38.1,28.9,1.32,5.51,3.68
CC(S1)=CC(OCCCCCCCCCCCC)=C1C2=CC(F)=C(C3=C(OCCCCCCCCCCCC)C=C(C4=CC=C(C)C(C(N5CC(CCCCCC)CCCCCCCC)=O)C4C5=O)S3)C=C2F,10.65,10.41,17.75,0.701,0.856,2.0,60.5,40.3,1.5,5.44,3.44
CC(S1)=CC=C1C(C2=NN(CC(CC)CCCC)N=C23)=C(F)C(F)=C3C4=CC=C(C5=CC6=C(C(C7=CC(Cl)=C(CC(CC)CCCC)S7)=C8C=C(SC8=C6C9=CC(Cl)=C(CC(CC)CCCC)S9)C)S5)S4,1.33,1.3,7.41,0.363,0.741,1.95,9.6,7.2,1.34,5.43,3.48
CC(S1)=CC=C1C(C2=NN(CC(CCCCCC)CCCC)N=C23)=C(F)C(F)=C3C4=CC=C(S4)C5=CC(OC(CCCCCCCC)(CCCCCCCC)C6=C7SC(C)=C6)=C7S5,8.38,8.05,16.19,0.681,0.76,1.93,56.0,22.4,2.5,5.21,3.28
CC(S1)=CC=C1C(C2=NN(CC(CCCCCC)CCCC)N=C23)=C(F)C(F)=C3C4=CC=C(S4)C5=CC(SC(CCCCCCCC)(CCCCCCCC)C6=C7SC(C)=C6)=C7S5,10.51,10.24,17.15,0.753,0.81,1.97,51.7,23.5,2.2,5.3,3.33
CC(S1)=CC=C1C(C2=NN(CC(CCCCCC)CCCCCCCC)N=C23)=C(F)C(F)=C3C4=CC=C(C5=CC(S6)=C(S5)C7=C6C8=C(C(C9=CC=C(CCCCCC)C=C9)7C%10=CC=C(CCCCCC)C=C%10)C=C%11C(C(C%12=C%11SC%13=C%12SC(C)=C%13)(C%14=CC=C(CCCCCC)C=C%14)C%15=CC=C(CCCCCC)C=C%15)=C8)S4,11.05,10.63,22.44,0.646,0.73,1.62,66.7,23.0,2.9,5.25,3.63
CC(S1)=CC=C1C(C2=NN(CC(CCCCCC)CCCCCCCC)N=C23)=C(F)C(F)=C3C4=CC=C(C5=CC6=C(C(C7=CC(Cl)=C(CC(CC)CCCC)S7)=C8C=C(SC8=C6C9=CC(Cl)=C(CC(CC)CCCC)S9)C)S5)S4,9.3,9.1,19.5,0.632,0.758,1.95,57.1,28.0,2.04,5.51,3.56
CC(S1)=CC=C1C(C2=NN(CC(CCCCCC)CCCCCCCC)N=C23)=C(F)C(F)=C3C4=CC=C(C5=CC6=C(S5)C7=C(C(C8=CC=C(SCC(CCCC)CCCCCC)S8)=C9C(SC(C)=C%10)=C%10SC9=C7C%11=CC=C(SCC(CCCC)CCCCCC)S%11)S6)S4,6.5,6.19,13.2,0.539,0.883,1.81,70.6,35.3,2.0,5.32,3.51
CC(S1)=CC=C1C(C2=NN(CC(CCCCCCCC)CCCCCC)N=C23)=C(F)C(F)=C3C4=CC=C(C5=CC6=C(C(C7=CC=C(SCC(CCCCCC)CCCCCCCC)S7)=C8C=C(SC8=C6C9=CC=C(SCC(CCCCCC)CCCCCCCC)S9)C)S5)S4,10.22,9.56,15.17,0.751,0.89,1.94,50.0,25.0,2.0,5.34,3.4
CC(S1)=CC=C1C(C2=NN(CC(CCCCCCCCCC)CCCCCCCC)N=C23)=C(F)C(F)=C3C4=CC=C(C5=CC6=C(C(C7=CC(Cl)=C(CC(CC)CCCC)S7)=C8C=C(SC8=C6C9=CC(Cl)=C(CC(CC)CCCC)S9)C)S5)S4,12.1,11.7,20.76,0.735,0.79,1.99,254.3,124.5,2.04,5.57,3.58
CC(S1)=CC=C1C(S2)=C(C(C3=C(CC(CC)CCCC)SC(CC(CC)CCCC)=C3C4=O)=O)C4=C2C5=CC=C(C6=CC(B(C7=CC=CC=C7)N(CC(CCCCCC)CCCCCCCC)C8=C9C=C%10C(C(SC(C)=C%11)=C%11B(C%12=CC=CC=C%12)N%10CC(CCCCCC)CCCCCCCC)=C8)=C9S6)S5,16.1,15.9,25.4,0.71,0.87,2.06,112.1,59.0,1.9,5.52,3.46
CC(S1)=CC=C1C(S2)=C(OCCOCCOCC)C=C2C3=CC=C(C4=CC(OCCOCCOCC)=C(C)S4)S3,0.22,0.16,0.92,0.3,0.78,1.76,50.0,25.0,2.0,4.74,2.98
CC(S1)=CC=C1C2=C(F)C(F)=C(C)C3=NC(C)=C(OCC(CCCCCCCC)CCCCCC)N=C23,16.32,16.09,24.79,0.748,0.88,2.76,74.8,35.6,2.1,5.52,2.76
CC(S1)=CC=C1C2=C(OCC(CCCCCC)CCCCCCCC)C=C(C3=CC=C(C4=C(F)C(F)=C(C)C5=NSN=C45)S3)C(OCC(CCCCCCCC)CCCCCC)=C2,7.2,7.1,13.32,0.59,0.91,1.76,119.3,42.6,2.8,5.445,3.685
CC(S1)=CC=C1C2=CC=C(C)C3=NC=C(OCC(CCCCCCCC)CCCCCC)N=C23,5.75,5.69,18.65,0.434,0.71,2.56,45.1,19.6,2.3,5.38,2.82
CC(SC1=C2C(C=C3)=CC=C3CC(CC)CCCC)=CC1=C(C(C=C4)=CC=C4CC(CC)CCCC)C5=C2C=C(S5)C6=CC=C(C(C7=NN(CCCCCCCC)N=C7C(C8=CC=C(C)S8)=C9C(N%10CCCCCCCC)=O)=C9C%10=O)S6,7.42,7.3,15.92,0.548,0.85,2.15,64.5,25.6,2.52,5.26,3.11
CC(SC1=C2C(C=C3F)=CC(F)=C3CC(CC)CCCC)=CC1=C(C4=CC(F)=C(C(F)=C4)CC(CC)CCCC)C5=C2C=C(S5)C6=CC=C(C(C7=NN(CCC(CC)CCCC)N=C87)=C(C(N9CCCCCCCC)=O)C(C9=O)=C8C%10=CC=C(C)S%10)S6,15.65,15.5,26.11,0.733,0.81,2.32,50.0,25.0,2.0,5.46,3.14
CC(SC1=C2C3=C(Cl)C(Cl)=C(CC(CC)CCCC)S3)=CC1=C(C4=C(Cl)C(Cl)=C(CC(CC)CCCC)S4)C5=C2C=C(S5)C6=CC=C(C7=C(F)C(F)=C(C8=CC=C(C)S8)C9=NN(CC(CCCCCC)CCCCCCCC)N=C97)S6,9.25,9.25,16.42,0.587,0.96,2.07,66.8,31.1,2.15,5.64,3.57
CC(SC1=C2C3=CC(C=C(CC(CCCC)CCCCCC)C=C4)=C4S3)=CC1=C(C5=CC(C=C(CC(CCCC)CCCCCC)C=C6)=C6S5)C7=C2C=C(S7)C8=CC=C(C9=C%10C(C(C%11=C(CC(CC)CCCC)SC(CC(CC)CCCC)=C%11C%10=O)=O)=C(C%12=CC=C(C)S%12)S9)S8,12.1,11.68,17.63,0.69,0.96,1.8,27.4,13.5,2.03,5.36,3.56
CC(SC1=C2C3=CC(CCCCCCCC)=C(CCCCCCCC)S3)=CC1=C(C4=CC(CCCCC5)=C(CCCCCCCC)S4)C6=C2C=C(S6)C7=CC=C(C(C(F)=C8)=C9C(N=C(C(C%10=CC(OCCC5(CC)CCCCC)=CC=C%10)=N9)C%11=CC=CC(OCCCCCCCC)=C%11)=C8C%12=CC=C(C)S%12)S7,7.81,7.75,15.14,0.586,0.88,2.34,863.6,136.0,6.35,5.37,3.03
CC(SC1=C2C3=CC(CCCCCCCC)=C(CCCCCCCC)S3)=CC1=C(C4=CC(CCCCCCCC)=C(CCCCCCCC)S4)C5=C2C=C(S5)C6=CC(CCCCCC)=C(C7=NC(SC(C8=C(CCCCCC)C=C(C)S8)=N9)=C9S7)S6,9.28,8.96,15.18,0.664,0.92,2.5,56.3,24.3,2.31,5.43,2.93
CC(SC1=C2C3=CC(Cl)=C(CC(CC)CCCC)S3)=CC1=C(C4=CC(Cl)=C(CC(CC)CCCC)S4)C5=C2C=C(C6=C(CC(CC)CCCC)C=C(C7=NC8=C(N=C(C9=CC(CC(CC)CCCC)=C(C)S9)S8)S7)S6)S5,10.1,9.78,16.26,0.65,0.93,1.87,38.9,11.8,3.3,5.45,3.58
CC(SC1=C2C3=CC(Cl)=C(CC(CC)CCCC)S3)=CC1=C(C4=CC(Cl)=C(CC(CC)CCCC)S4)C5=C2C=C(C6=C(CC(CCCC)CCCCCC)C=C(C7=NC8=C(N=C(C9=CC(CC(CCCC)CCCCCC)=C(C)S9)S8)S7)S6)S5,3.97,3.67,7.81,0.51,0.95,1.92,20.2,8.8,2.3,5.47,3.55
CC(SC1=C2C3=CC(Cl)=C(CC(CC)CCCC)S3)=CC1=C(C4=CC(Cl)=C(CC(CC)CCCC)S4)C5=C2C=C(C6=C(CC(CCCCCC)CCCCCCCC)C=C(C7=NC8=C(N=C(C9=CC(CC(CCCCCC)CCCCCCCC)=C(C)S9)S8)S7)S6)S5,2.34,2.24,5.8,0.38,0.97,1.95,15.4,8.1,1.9,5.49,3.54
CC(SC1=C2C3=CC(Cl)=C(CC(CC)CCCC)S3)=CC1=C(C4=CC(Cl)=C(CC(CC)CCCC)S4)C5=C2C=C(C6=C(CCCCCC)C=C(C7=NC8=C(N=C(C9=CC(CCCCCC)=C(C)S9)S8)S7)S6)S5,2.15,2.08,6.59,0.41,0.77,1.9,5.3,3.5,1.5,5.29,3.39
CC(SC1=C2C3=CC(Cl)=C(CC(CC)CCCC)S3)=CC1=C(C4=CC(Cl)=C(CC(CC)CCCC)S4)C5=C2C=C(C6=C(Cl)C(C)=C(C)S6)S5,10.2,10.0,20.3,0.561,0.899,2.02,34.3,21.9,1.57,5.7,3.68
CC(SC1=C2C3=CC(Cl)=C(CC(CC)CCCC)S3)=CC1=C(C4=CC(Cl)=C(CC(CC)CCCC)S4)C5=C2C=C(C6=CC=C(C7=C8C(C(C9=C(CC(CC)CCCC)SC(CC(CC)CCCC)=C9C8=O)=O)=C(C%10=CC=C(C)S%10)S7)S6)S5,6.63,6.46,9.89,0.59,1.14,2.18,76.3,50.4,1.51,5.76,3.58
CC(SC1=C2C3=CC(Cl)=C(CC(CC)CCCC)S3)=CC1=C(C4=CC(Cl)=C(CC(CC)CCCC)S4)C5=C2C=C(S5)C6=CC=C(C(C7=NN(CCC(CC)CCCC)N=C87)=C(C(N9CCCCCCCC)=O)C(C9=O)=C8C%10=CC=C(C)S%10)S6,15.06,14.96,25.7,0.727,0.79,2.33,50.0,25.0,2.0,5.46,3.13
CC(SC1=C2C3=CC(Cl)=C(CC(CC)CCCC)S3)=CC1=C(C4=CC(Cl)=C(CC(CC)CCCC)S4)C5=C2C=C(S5)C6=CC=C(C7=C(F)C(F)=C(C8=CC=C(C)S8)C9=NN(CC(CCCCCC)CCCCCCCC)N=C97)S6,7.8,7.8,15.55,0.652,0.77,1.89,45.9,26.1,1.76,5.47,3.58
CC(SC1=C2C3=CC(Cl)=C(CC(CC)CCCC)S3)=CC1=C(C4=CC(Cl)=C(CC(CC)CCCC)S4)C5=C2C=C(S5)C6=CC=C(C7=C8C(C(C9=C(CC(CC)CCCC)SC(CC(CC)CCCC)=C9C8=O)=O)=C(C%10=CC=C(C)S%10)S7)S6,15.4,15.1,24.2,0.728,0.875,1.97,44.9,25.5,1.76,5.513636363636364,3.571363636363636
CC(SC1=C2C3=CC(Cl)=C(SCC(CC)CCCC)S3)=CC1=C(C4=CC(Cl)=C(SCC(CC)CCCC)S4)C5=C2C=C(C6=CC=C(C7=C8C(C(C9=C(CC(CC)CCCC)SC(CC(CC)CCCC)=C9C8=O)=O)=C(C%10=CC=C(C)S%10)S7)S6)S5,5.82,5.49,9.75,0.54,1.1,2.18,102.8,59.5,1.73,5.82,3.64
CC(SC1=C2C3=CC(F)=C(CC(CC)CCCC)S3)=CC1=C(C4=CC(F)=C(CC(CC)CCCC)S4)C5=C2C=C(C6=C(CC(CCCC)CCCCCC)C=C(C7=CC8=C(C(SC(C9=CC(CC(CCCC)CCCCCC)=C(C)S9)=C%10)=C%10C%11=NSN=C%118)S7)S6)S5,18.22,18.22,27.7,0.766,0.859,2.74,109.3,72.4,1.51,5.51,2.77
CC(SC1=C2C3=CC(F)=C(CC(CC)CCCC)S3)=CC1=C(C4=CC(F)=C(CC(CC)CCCC)S4)C5=C2C=C(C6=C(Cl)C(C)=C(C)S6)S5,11.8,11.5,20.3,0.66,0.879,1.98,38.8,25.1,1.55,5.64,3.66
CC(SC1=C2C3=CC(F)=C(CC(CC)CCCC)S3)=CC1=C(C4=CC(F)=C(CC(CC)CCCC)S4)C5=C2C=C(C6=CC(C(OCC)=O)=C(C)S6)S5,14.7,14.4,21.5,0.75,0.91,1.92,70.2,27.0,2.6,5.59,3.67
CC(SC1=C2C3=CC(F)=C(CC(CC)CCCC)S3)=CC1=C(C4=CC(F)=C(CC(CC)CCCC)S4)C5=C2C=C(C6=CC=C(C7=C8C(C(C9=C(CC(CC)CCCC)SC(CC(CC)CCCC)=C9C8=O)=O)=C(C%10=CC=C(C)S%10)S7)S6)S5,15.3,14.9,24.8,0.72,0.85,1.8,87.8,30.3,2.9,5.463333333333334,3.618
CC(SC1=C2C3=CC(F)=C(CC(CC)CCCC)S3)=CC1=C(C4=CC(F)=C(CC(CC)CCCC)S4)C5=C2C=C(C6=CC=C(C7=C8C(C(C9=C(CSC(CC)CCCC)SC(CSC(CC)CCCC)=C9C8=O)=O)=C(C%10=CC=C(C)S%10)S7)S6)S5,13.1,12.96,21.03,0.699,0.891,1.96,38.2,16.2,2.36,5.48,3.52
CC(SC1=C2C3=CC(F)=C(CC(CC)CCCC)S3)=CC1=C(C4=CC(F)=C(CC(CC)CCCC)S4)C5=C2C=C(S5)C6=CC=C(C(C7=NN(CCC(CC)CCCC)N=C87)=C(C(N9CCCCCCCC)=O)C(C9=O)=C8C%10=CC=C(C)S%10)S6,14.16,14.02,25.01,0.712,0.78,2.14,50.0,25.0,2.0,5.38,3.24
CC(SC1=C2C3=CC(F)=C(CC(CC)CCCC)S3)=CC1=C(C4=CC(F)=C(CC(CC)CCCC)S4)C5=C2C=C(S5)C6=CC=C(C7=C(SC(C(OCC(CC)CCCC)=O)=C8)C8=C(C9=CC=C(C)S9)C%10=NN(CC(CC)CCCC)N=C7%10)S6,7.14,7.02,14.11,0.634,0.78,1.69,263.9,91.0,2.9,5.39,3.7
CC(SC1=C2C3=CC(F)=C(CC(CC)CCCC)S3)=CC1=C(C4=CC(F)=C(CC(CC)CCCC)S4)C5=C2C=C(S5)C6=CC=C(C7=C(SC(C(OCC(CCCC)CCCCCC)=O)=C8)C8=C(C9=CC=C(C)S9)C%10=NN(CC(CCCC)CCCCCC)N=C7%10)S6,3.66,3.6,7.58,0.569,0.83,1.69,66.3,39.0,1.7,5.47,3.78
CC(SC1=C2C3=CC(F)=C(CC(CC)CCCC)S3)=CC1=C(C4=CC(F)=C(CC(CC)CCCC)S4)C5=C2C=C(S5)C6=CC=C(C7=C8C(C(C9=C(CC(CC)CCCC)SC(CC(CC)CCCC)=C9C8=O)=O)=C(C%10=CC=C(C)S%10)S7)S6,16.52,16.3,25.65,0.762,0.82,1.89,38.6,19.3,2.0,5.481630434782609,3.629021739130435
CC(SC1=C2C3=CC(F)=C(CC(CCCC)CCCCCC)S3)=CC1=C(C4=CC(F)=C(CC(CCCC)CCCCCC)S4)C5=C2C=C(S5)C6=CC=C(C7=C(SC(C(OCC(CC)CCCC)=O)=C8)C8=C(C9=CC=C(C)S9)C%10=NN(CC(CC)CCCC)N=C7%10)S6,4.17,3.96,9.34,0.529,0.8,1.68,86.0,43.0,2.0,5.49,3.81
CC(SC1=C2C3=CC(F)=C(SCC(CC)CCCC)S3)=CC1=C(C4=CC(F)=C(SCC(CC)CCCC)S4)C5=C2C=C(C6=CC=C(C7=C8C(C(C9=C(CC(CC)CCCC)SC(CC(CC)CCCC)=C9C8=O)=O)=C(C%10=CC=C(C)S%10)S7)S6)S5,15.18,14.96,24.68,0.712,0.864,1.9,58.2,18.3,3.17,5.444166666666667,3.6208333333333336
CC(SC1=C2C3=CC(F)=C(SCC(CC)CCCC)S3)=CC1=C(C4=CC(F)=C(SCC(CC)CCCC)S4)C5=C2C=C(C6=CC=C(S6)C(C7=NN(CC(CCCCCC)CCCC)N=C78)=CC9=C8C=C(C%10=CC=C(C)S%10)C%11=NN(CC(CCCCCC)CCCC)N=C%119)S5,13.25,12.92,19.23,0.741,0.93,2.04,111.7,44.5,2.51,5.45,3.41
CC(SC1=C2C3=CC(F)=C(SCC(CCCC)CCCCCC)S3)=CC1=C(C4=CC(F)=C(SCC(CCCC)CCCCCC)S4)C5=C2C=C(C6=C(CCCCCCCC)C=C(C7=NN=C(C8=CC(CCCCCCCC)=C(C)S8)N=N7)S6)S5,13.03,12.6,25.1,0.649,0.8,2.0,219.2,78.0,2.81,5.5,3.5
CC(SC1=C2C3=CC=C(C4=CC(C=CC(CC(CCCCCCCC)CCCCCC)=C5)=C5C=C4)S3)=CC1=C(C6=CC=C(C7=CC(C=CC(OCC(CCCCCCCC)CCCCCC)=C8)=C8C=C7)S6)C9=C2C=C(S9)C%10=C(CC(CC)CCCC)C=C(C%11=C%12C(C(C%13=C(CC(CC)CCCC)SC(CC(CC)CCCC)=C%13C%12=O)=O)=C(C%14=CC(CC(CC)CCCC)=C(C)S%14)S%11)S%10,10.02,9.9,15.16,0.701,0.943,1.8,31.4,19.7,1.59,5.3,3.5
CC(SC1=C2C3=CC=C(C4=CC=C(SCC(CCCCCC)CCCCCCCC)C=C4)C=C3)=CC1=C(C5=CC=C(C6=CC=C(SCC(CCCCCC)CCCCCCCC)C=C6)C=C5)C7=C2C=C(C8=CC=C(C9=C(F)C(F)=C(C%10=CC=C(C)S%10)C%11=NN(CC(CCCCCC)CCCCCCCC)N=C%119)S8)S7,12.09,11.89,18.52,0.714,0.914,1.96,48.3,21.0,2.3,5.46,3.5
CC(SC1=C2C3=CC=C(C=C3)SCC(CCCC)CC)=CC1=C(C4=C2C=C(C5=CC=C(S5)C6=C(C(OCC(CCCCCCCCCCCC)CCCCCCCCCC)=C(C7=NSN=C67)C8=CC=C(C)S8)F)S4)C9=CC=C(C=C9)SCC(CCCC)CC,7.72,7.66,13.0,0.63,0.925,2.02,109.0,54.5,2.0,5.43,3.41
CC(SC1=C2C3=CC=C(CC(CC)CCCC)C=C3)=CC1=C(C4=CC=C(CC(CC)CCCC)C=C4)C5=C2C=C(S5)C6=CC=C(C(C7=NN(CCCCCCCC)N=C78)=C(C(C(N9CCCCCCCC)=O)=C8C%10=CC=C(C)S%10)C9=O)S6,10.19,10.05,16.39,0.677,0.918,1.85,54.2,19.0,2.85,5.43,3.58
CC(SC1=C2C3=CC=C(CC(CC)CCCC)S3)=CC1=C(C4=C(Cl)C(Cl)=C(CC(CC)CCCC)S4)C5=C2C=C(S5)C6=CC=C(C7=C(F)C(F)=C(C8=CC=C(C)S8)C9=NN(CC(CCCCCC)CCCCCCCC)N=C97)S6,4.43,4.43,13.43,0.418,0.79,1.92,67.0,21.5,3.12,5.48,3.56
CC(SC1=C2C3=CC=C(CC(CC)CCCC)S3)=CC1=C(C4=CC(Cl)=C(CC(CC)CCCC)S4)C5=C2C=C(S5)C6=CC=C(C7=C(F)C(F)=C(C8=CC=C(C)S8)C9=NN(CC(CCCCCC)CCCCCCCC)N=C97)S6,7.6,7.6,16.85,0.635,0.71,1.82,42.0,20.4,2.05,5.39,3.57
CC(SC1=C2C3=CC=C(CC(CC)CCCC)S3)=CC1=C(C4=CC=C(CC(CC)CCCC)S4)C5=C2C=C(C(S6)=CC7=C6C=C(C8=C(C(N9CC(CCCCCCCC)CCCCCCCCCC)=O)C(C9=O)=C(C%10=CC%11=C(C=C(C(SC%12=C%13C%14=CC=C(CC(CC)CCCC)S%14)=CC%12=C(C%15=CC=C(CC(CC)CCCC)S%15)C%16=C%13C=C(C%17=C%18C(C(F)=C(C(OCC(CC)CCCC)=O)S%18)=C(C)S%17)S%16)S%11)S%10)N8CCCCCCCC)S7)S5,8.73,8.58,21.44,0.55,0.74,1.65,4.3,2.2,1.93,5.31,3.66
CC(SC1=C2C3=CC=C(CC(CC)CCCC)S3)=CC1=C(C4=CC=C(CC(CC)CCCC)S4)C5=C2C=C(C(SC6=C7C8=CC(F)=C(CC(CC)CCCC)S8)=CC6=C(C9=CC(F)=C(CC(CC)CCCC)S9)C%10=C7C=C(C)S%10)S5,8.5,8.3,15.3,0.588,0.95,2.05,72.7,30.8,2.36,5.52,3.47
CC(SC1=C2C3=CC=C(CC(CC)CCCC)S3)=CC1=C(C4=CC=C(CC(CC)CCCC)S4)C5=C2C=C(C(SC6=C7C8=CC=C(CC(CC)CCCC)S8)=CC6=C(C9=CC=C(CC(CC)CCCC)S9)C%10=C7C=C(C%11=C%12C(C(C%13=C(CC(CC)CCCC)SC(CC(CC)CCCC)=C%13C%12=O)=O)=C(C)S%11)S%10)S5,11.82,11.53,18.51,0.63,0.89,1.97,50.0,25.0,2.0,5.52,3.55
CC(SC1=C2C3=CC=C(CC(CC)CCCC)S3)=CC1=C(C4=CC=C(CC(CC)CCCC)S4)C5=C2C=C(C(SC6=C7C8=CC=C(CC(CC)CCCC)S8)=CC6=C(C9=CC=C(CC(CC)CCCC)S9)C%10=C7C=C(C(SC%11=C%12C%13=CC=C(CC(CC)CCCC)S%13)=CC%11=C(C%14=CC=C(CC(CC)CCCC)S%14)C%15=C%12C=C(C%16=C%17C(C(C%18=C(CC(CC)CCCC)SC(CC(CC)CCCC)=C%18C%17=O)=O)=C(C)S%16)S%15)S%10)S5,11.19,10.9,17.71,0.7,0.85,1.96,50.0,25.0,2.0,5.41,3.45
CC(SC1=C2C3=CC=C(CC(CC)CCCC)S3)=CC1=C(C4=CC=C(CC(CC)CCCC)S4)C5=C2C=C(C)S5,5.3,5.1,13.7,0.439,0.88,2.13,53.2,24.2,2.2,5.45,3.32
CC(SC1=C2C3=CC=C(CC(CC)CCCC)S3)=CC1=C(C4=CC=C(CC(CC)CCCC)S4)C5=C2C=C(C6=C(CC(CC)CCCC)C=C(C7=CC=C(C8=CC(CC(CC)CCCC)=C(C)S8)C9=NSN=C79)S6)S5,6.61,6.61,13.47,0.598,0.822,1.7,35.8,16.0,2.24,5.14,3.44
CC(SC1=C2C3=CC=C(CC(CC)CCCC)S3)=CC1=C(C4=CC=C(CC(CC)CCCC)S4)C5=C2C=C(C6=C(CC(CC)CCCC)C=C(C7=NC=C(C8=CC(CC(CC)CCCC)=C(C)S8)N=C7)S6)S5,8.1,7.95,14.6,0.617,0.9,2.02,84.2,52.6,1.6,5.5,3.48
CC(SC1=C2C3=CC=C(CC(CC)CCCC)S3)=CC1=C(C4=CC=C(CC(CC)CCCC)S4)C5=C2C=C(C6=C(CC(CCCCCCCC)CCCC)C=C(C(SC7=C8)=NC7=CC9=C8N=C(C%10=CC(CC(CCCC)CCCCCCCC)=C(C)S%10)S9)S6)S5,11.3,11.1,19.7,0.62,0.92,2.1,269.6,107.0,2.52,5.4,3.3
CC(SC1=C2C3=CC=C(CC(CC)CCCC)S3)=CC1=C(C4=CC=C(CC(CC)CCCC)S4)C5=C2C=C(C6=C(CCCCCCCC)C(SC(C7=C(C(N(CC(CCCCCC)CCCCCCCC)C8=O)=O)C8=C(C9=CC(SC(C)=C%10CCCCCCCC)=C%10S9)S7)=C%11)=C%11S6)S5,11.05,10.78,17.52,0.68,0.93,1.86,505.0,90.0,5.61,5.23,3.3633333333333333
CC(SC1=C2C3=CC=C(CC(CC)CCCC)S3)=CC1=C(C4=CC=C(CC(CC)CCCC)S4)C5=C2C=C(C6=C(CCCCCCCC)C=C(C7=CC8=C(C(SC(C9=CC(CCCCCCCC)=C(C)S9)=C%10)=C%10N(CC(CCCCCC)CCCCCCCC)C8=O)S7)S6)S5,10.34,10.02,15.95,0.728,0.89,2.7,139.7,57.5,2.43,5.4,2.7
CC(SC1=C2C3=CC=C(CC(CC)CCCC)S3)=CC1=C(C4=CC=C(CC(CC)CCCC)S4)C5=C2C=C(C6=C(CCCCCCCCCC)C=C(C7=NC=C(C8=CC(CCCCCCCCCC)=C(C)S8)N=C7)S6)S5,7.6,7.4,16.3,0.581,0.8,1.98,110.8,44.3,2.5,5.41,3.43
CC(SC1=C2C3=CC=C(CC(CC)CCCC)S3)=CC1=C(C4=CC=C(CC(CC)CCCC)S4)C5=C2C=C(C6=C(F)C(CCCCCC)=C(C)S6)S5,11.1,10.6,17.1,0.628,0.94,2.03,201.0,67.0,3.0,5.51,3.48
CC(SC1=C2C3=CC=C(CC(CC)CCCC)S3)=CC1=C(C4=CC=C(CC(CC)CCCC)S4)C5=C2C=C(C6=C(F)C=C(C7=C8C(C(C9=C(CC(CC)CCCC)SC(CC(CC)CCCC)=C9C8=O)=O)=C(C%10=CC(F)=C(C)S%10)S7)S6)S5,11.5,11.0,24.9,0.56,0.78,2.01,67.6,26.0,2.6,5.47,3.46
CC(SC1=C2C3=CC=C(CC(CC)CCCC)S3)=CC1=C(C4=CC=C(CC(CC)CCCC)S4)C5=C2C=C(C6=C(SC(C(OCCCCCCCC)=O)=C7F)C7=C(C)S6)S5,9.5,9.3,17.9,0.613,0.86,2.08,128.7,61.3,2.1,5.19,3.11
CC(SC1=C2C3=CC=C(CC(CC)CCCC)S3)=CC1=C(C4=CC=C(CC(CC)CCCC)S4)C5=C2C=C(C6=C7C(SC(C(OCC(CC)CCCC)=O)=C7F)=C(C)S6)S5,10.8,10.8,22.3,0.7,0.695,2.01,141.0,65.0,2.17,5.213333333333334,3.34
CC(SC1=C2C3=CC=C(CC(CC)CCCC)S3)=CC1=C(C4=CC=C(CC(CC)CCCC)S4)C5=C2C=C(C6=CC7=C(C(SC(C)=C8)=C8C(N7CC(CCCCCCCC)CCCCCCCCCC)=O)S6)S5,10.96,10.45,19.18,0.704,0.81,2.27,50.0,25.0,2.0,5.2,2.93
CC(SC1=C2C3=CC=C(CC(CC)CCCC)S3)=CC1=C(C4=CC=C(CC(CC)CCCC)S4)C5=C2C=C(C6=CC7=C(C(SC(C)=C8)=C8N(CC(CCCCCC)CCCCCCCC)C7=O)S6)S5,8.33,8.04,13.97,0.596,1.0,2.73,96.1,31.2,3.08,5.54,2.81
CC(SC1=C2C3=CC=C(CC(CC)CCCC)S3)=CC1=C(C4=CC=C(CC(CC)CCCC)S4)C5=C2C=C(C6=CC7=C(C8=C(C9=NN(CC(CCCCCCCC)CCCCCCCCCC)N=C97)C=C(C)S8)S6)S5,12.49,12.2,18.46,0.72,0.94,2.33,56.0,27.6,2.03,5.45,3.12
CC(SC1=C2C3=CC=C(CC(CC)CCCC)S3)=CC1=C(C4=CC=C(CC(CC)CCCC)S4)C5=C2C=C(C6=CC=C(C7=C(F)C(F)=C(C8=CC=C(C)S8)C9=C7N=C(C%10=C(F)C(F)=C(CC(CC)CCCC)S%10)C(C%11=C(F)C(F)=C(CC(CC)CCCC)S%11)=N9)S6)S5,4.68,4.77,8.33,0.55,1.03,2.3,83.8,52.4,1.6,5.4,3.1
CC(SC1=C2C3=CC=C(CC(CC)CCCC)S3)=CC1=C(C4=CC=C(CC(CC)CCCC)S4)C5=C2C=C(C6=CC=C(C7=C(F)C(F)=C(C8=CC=C(C)S8)C9=C7N=C(C%10=CC(F)=C(CC(CC)CCCC)C(F)=C%10)C(C%11=CC(F)=C(CC(CC)CCCC)C(F)=C%11)=N9)S6)S5,7.3,6.2,11.1,0.54,1.09,2.3,50.0,25.0,2.0,5.4,3.1
CC(SC1=C2C3=CC=C(CC(CC)CCCC)S3)=CC1=C(C4=CC=C(CC(CC)CCCC)S4)C5=C2C=C(C6=CC=C(C7=C(F)C(F)=C(C8=CC=C(C)S8)C9=C7N=C(C%10=CC(F)=C(CC(CC)CCCC)S%10)C(C%11=CC(F)=C(CC(CC)CCCC)S%11)=N9)S6)S5,6.4,6.3,10.5,0.58,1.04,2.3,50.0,25.0,2.0,5.4,3.1
CC(SC1=C2C3=CC=C(CC(CC)CCCC)S3)=CC1=C(C4=CC=C(CC(CC)CCCC)S4)C5=C2C=C(C6=CC=C(C7=C(F)C(F)=C(C8=CC=C(C)S8)C9=C7N=C(C%10=CC(F)=C(OCC(CC)CCCC)C(F)=C%10)C(C%11=CC(F)=C(OCC(CC)CCCC)C(F)=C%11)=N9)S6)S5,5.74,5.38,9.02,0.58,1.04,2.3,83.8,52.4,1.6,5.4,3.1
CC(SC1=C2C3=CC=C(CC(CC)CCCC)S3)=CC1=C(C4=CC=C(CC(CC)CCCC)S4)C5=C2C=C(C6=CC=C(C7=C8C(C(C9=C(CC(CC)CCCC)SC(CC(CC)CCCC)=C9C8=O)=O)=C(C%10=CC=C(C(SC%11=C%12C%13=CC=C(CC(CC)CCCC)S%13)=CC%11=C(C%14=CC=C(CC(CC)CCCC)S%14)C%15=C%12C=C(C%16=CC=C(C%17=C(F)C(F)=C(C%18=CC=C(C)S%18)C%19=NN(CC(CCCCCCCC)CCCCCC)N=C%19%17)S%16)S%15)S%10)S7)S6)S5,10.02,9.94,17.58,0.619,0.91,1.82,191.8,60.2,3.19,5.48,3.66
CC(SC1=C2C3=CC=C(CC(CC)CCCC)S3)=CC1=C(C4=CC=C(CC(CC)CCCC)S4)C5=C2C=C(C6=CC=C(C7=C8C(C=C(C(OCC(CCCCCCCC)CCCCCCCCCC)=O)S8)=C(C9=CC=C(C)S9)S7)S6)S5,3.72,3.72,12.41,0.478,0.628,1.63,52.4,19.0,2.76,4.94,3.31
CC(SC1=C2C3=CC=C(CC(CC)CCCC)S3)=CC1=C(C4=CC=C(CC(CC)CCCC)S4)C5=C2C=C(C6=CC=C(C7=CC=C(C8=CC=C(C)S8)C9=NN(CC(CCCCCCCC)CCCCCCCCCC)N=C97)S6)S5,7.39,7.19,14.54,0.66,0.77,1.75,70.5,30.8,2.29,5.19,3.44
CC(SC1=C2C3=CC=C(CC(CC)CCCC)S3)=CC1=C(C4=CC=C(CC(CC)CCCC)S4)C5=C2C=C(C6=CN=C(C7=C8SC(C(OCC(CCCCCCCC)CCCCCCCCCC)=O)=CC8=C(C9=NC=C(C)S9)S7)S6)S5,10.51,10.39,17.61,0.618,0.954,1.96,50.0,25.0,2.0,5.48,3.52
CC(SC1=C2C3=CC=C(CC(CC)CCCC)S3)=CC1=C(C4=CC=C(CC(CC)CCCC)S4)C5=C2C=C(S5)C6=C(C7CCCCC7)C=C(C8=C9C(C(C%10=C(CC(CC)CCCC)SC(CC(CC)CCCC)=C%10C9=O)=O)=C(C%11=CC(C%12CCCCC%12)=C(C)S%11)S8)S6,8.21,8.21,13.64,0.602,0.95,1.85,99.2,50.1,1.98,5.52,3.67
CC(SC1=C2C3=CC=C(CC(CC)CCCC)S3)=CC1=C(C4=CC=C(CC(CC)CCCC)S4)C5=C2C=C(S5)C6=C(CC(CC)CCCC)C=C(C7=NC8=C(N=C(C9=CC(CC(CC)CCCC)=C(C)S9)S8)S7)S6,11.5,11.3,16.4,0.762,0.92,1.97,46.7,24.6,1.9,5.31,3.34
CC(SC1=C2C3=CC=C(CC(CC)CCCC)S3)=CC1=C(C4=CC=C(CC(CC)CCCC)S4)C5=C2C=C(S5)C6=C(CCCCCC)C=C(C7=C8C(C(N(CCCCCCCC)C8=O)=O)=C(C9=CC(CCCCCC)=C(C)S9)S7)S6,10.2,9.8,15.4,0.68,0.97,1.88,350.0,129.6,2.7,5.56,3.705
CC(SC1=C2C3=CC=C(CC(CC)CCCC)S3)=CC1=C(C4=CC=C(CC(CC)CCCC)S4)C5=C2C=C(S5)C6=C(CCCCCCCC)C=C(C7=C(/C=C8C(N(CC)/C(S\8)=C(C#N)\C#N)=O)C=C(C9=CC(CCCCCCCC)=C(C)S9)S7)S6,5.3,5.1,11.51,0.452,1.015,1.74,88.4,35.2,2.51,5.16,3.42
CC(SC1=C2C3=CC=C(CC(CC)CCCC)S3)=CC1=C(C4=CC=C(CC(CC)CCCC)S4)C5=C2C=C(S5)C6=C(F)C(C(OC)=O)=C(C)S6,11.39,11.39,17.66,0.631,1.01,1.95,67.6,32.2,2.1,5.6,3.65
CC(SC1=C2C3=CC=C(CC(CC)CCCC)S3)=CC1=C(C4=CC=C(CC(CC)CCCC)S4)C5=C2C=C(S5)C6=C(F)C(F)=C(C)S6,9.1,9.1,16.9,0.62,0.94,2.0,49.0,32.0,1.5,5.22,3.22
CC(SC1=C2C3=CC=C(CC(CC)CCCC)S3)=CC1=C(C4=CC=C(CC(CC)CCCC)S4)C5=C2C=C(S5)C6=C(F)C=C(C7=C8C(C(C9=C(CC(CC)CCCC)SC(CC(CC)CCCC)=C9C8=O)=O)=C(C%10=CC(F)=C(C)S%10)S7)S6,13.2,12.4,19.6,0.72,0.94,2.01,67.6,26.0,2.6,5.47,3.46
CC(SC1=C2C3=CC=C(CC(CC)CCCC)S3)=CC1=C(C4=CC=C(CC(CC)CCCC)S4)C5=C2C=C(S5)C6=CC(C(OCC(CCCC)CCCCCC)=O)=C(C7=CC=C(C)S7)S6,9.35,9.16,15.3,0.657,0.93,1.86,307.8,114.0,2.7,5.43,3.57
CC(SC1=C2C3=CC=C(CC(CC)CCCC)S3)=CC1=C(C4=CC=C(CC(CC)CCCC)S4)C5=C2C=C(S5)C6=CC(CCCCCCCCCC)=C(C7=CC8=C(C9=C(C(N(CC(CCCCCC)CCCCCCCC)C8=O)=O)C=C(C%10=C(CCCCCCCCCC)C=C(C)S%10)S9)S7)S6,10.2,9.86,18.84,0.694,0.78,1.87,90.6,44.0,2.06,5.47,3.6
CC(SC1=C2C3=CC=C(CC(CC)CCCC)S3)=CC1=C(C4=CC=C(CC(CC)CCCC)S4)C5=C2C=C(S5)C6=CC=C(C(C7=NN(CCCCCCCC)N=C78)=C(C(C(N9CCCCCCCC)=O)=C8C%10=CC=C(C)S%10)C9=O)S6,9.43,9.32,16.84,0.615,0.91,1.88,145.4,90.9,1.6,5.34,3.46
CC(SC1=C2C3=CC=C(CC(CC)CCCC)S3)=CC1=C(C4=CC=C(CC(CC)CCCC)S4)C5=C2C=C(S5)C6=CC=C(C(C7=NN(CCCCCCCC)N=C7C(C8=CC=C(C)S8)=C9C(N%10CCCCCCCC)=O)=C9C%10=O)S6,7.62,7.48,15.23,0.556,0.9,2.18,115.9,47.9,2.42,5.33,3.15
CC(SC1=C2C3=CC=C(CC(CC)CCCC)S3)=CC1=C(C4=CC=C(CC(CC)CCCC)S4)C5=C2C=C(S5)C6=CC=C(C7=C(C(OCC(CC)CCCC)=O)C8=C(C(C(OCC(CC)CCCC)=O)=C(C9=CC=CS9)S8)S7)S6,11.38,10.83,17.9,0.71,0.895,1.89,233.8,136.7,1.71,5.23,3.34
CC(SC1=C2C3=CC=C(CC(CC)CCCC)S3)=CC1=C(C4=CC=C(CC(CC)CCCC)S4)C5=C2C=C(S5)C6=CC=C(C7=C8C(C(C9=C(CC(CC)CCCC)SC(CC(CC)CCCC)=C9C8=O)=O)=C(C%10=CC=C(C)S%10)S7)S6,15.4,15.3,25.2,0.77,0.8,1.8,117.0,58.5,2.0,5.302304832713754,3.386765799256505
CC(SC1=C2C3=CC=C(CC(CC)CCCC)S3)=CC1=C(C4=CC=C(CC(CC)CCCC)S4)C5=C2C=C(S5)C6=CC=C(C7=C8C(C(C9=C(CCCCCCCC)SC(CCCCCCCC)=C9C8=O)=O)=C(C%10=CC=C(C)S%10)S7)S6,9.12,8.99,15.93,0.62,0.92,1.8,169.3,66.4,2.55,5.26,3.46
CC(SC1=C2C3=CC=C(CC(CCCC)CCCCCC)C=C3)=CC1=C(C4=CC=C(CC(CCCC)CCCCCC)C=C4)C5=C2C=C(C6=CC=C(C7=C8C(C(C9=C(CC(CC)CCCC)SC(CC(CC)CCCC)=C9C8=O)=O)=C(C%10=CC=C(C)S%10)S7)S6)S5,12.8,12.3,17.2,0.79,0.94,2.06,80.4,38.3,2.1,5.435294117647058,3.3741176470588234
CC(SC1=C2C3=CC=C(CC(CCCC)CCCCCC)S3)=CC1=C(C4=CC=C(CC(CCCC)CCCCCC)S4)C5=C2C=C(S5)C6=C(CCCCCCCC)C=C(C7=NN=C(C8=CC(CCCCCCCC)=C(C)S8)S7)S6,11.72,11.25,17.15,0.677,1.01,2.57,66.4,31.6,2.1,5.35,2.78
CC(SC1=C2C3=CC=C(CC(CCCC)CCCCCC)S3)=CC1=C(C4=CC=C(CC(CCCC)CCCCCC)S4)C5=C2C=C(S5)C6=CC=C(C7=C8C(C(C9=C(CC(CC)CCCC)SC(CC(CC)CCCC)=C9C8=O)=O)=C(C%10=CC=C(C)S%10)S7)S6,10.78,10.64,15.68,0.7,0.97,1.8,28.7,12.7,2.26,5.38,3.58
CC(SC1=C2C3=CC=C(CC(CCCCCC)CCCCCCCC)S3)=CC1=C(C4=CC=C(CC(CCCCCC)CCCCCCCC)S4)C5=C2C=C(S5)C6=C(CCCCCCCC)C=C(C7=NN=C(C8=CC(CCCCCCCC)=C(C)S8)O7)S6,12.34,12.07,17.02,0.681,1.06,2.79,83.6,41.8,2.0,5.68,2.89
CC(SC1=C2C3=CC=C(CC(CCCCCCCC)CCCCCCCCCC)S3)=CC1=C(C4=CC=C(CC(CCCCCCCC)CCCCCCCCCC)S4)C5=C2C=C(S5)C6=CC(C#N)=C(/C=C/C7=C(C#N)C=C(C)S7)S6,0.05,0.05,0.41,0.3,0.42,1.83,197.6,76.0,2.6,5.65,3.82
CC(SC1=C2C3=CC=C(CC(CCCCCCCC)CCCCCCCCCC)S3)=CC1=C(C4=CC=C(CC(CCCCCCCC)CCCCCCCCCC)S4)C5=C2C=C(S5)C6=CC(F)=C(/C=C/C7=C(F)C=C(C)S7)S6,6.5,6.5,12.2,0.6,0.88,1.9,974.4,336.0,2.9,5.23,3.33
CC(SC1=C2C3=CC=C(CC(CCCCCCCC)CCCCCCCCCC)S3)=CC1=C(C4=CC=C(CC(CCCCCCCC)CCCCCCCCCC)S4)C5=C2C=C(S5)C6=CC=C(/C=C/C7=CC=C(C)S7)S6,5.62,5.62,11.2,0.65,0.78,1.95,842.4,351.0,2.4,5.06,3.11
CC(SC1=C2C3=CC=C(OCC(CC)CCCC)C=C3)=CC1=C(C4=CC=C(OCC(CC)CCCC)C=C4)C5=C2C=C(S5)C6=CC=C(C7=C8C(C(C9=C(CC(CC)CCCC)SC(CC(CC)CCCC)=C9C8=O)=O)=C(C%10=CC=C(C)S%10)S7)S6,10.8,10.5,18.1,0.59,1.01,2.06,107.0,42.0,2.55,5.42,3.36
CC(SC1=C2C3=CC=C(SCC(CC)CCCC)C=C3)=CC1=C(C4=CC=C(SCC(CC)CCCC)C=C4)C5=C2C=C(C6=CC=C(C7=C(F)C(F)=C(C8=CC=C(C)S8)C9=NN(CC(CCCCCC)CCCCCCCC)N=C97)S6)S5,10.86,10.54,17.91,0.661,0.88,1.96,48.3,23.0,2.1,5.32,3.36
CC(SC1=C2C3=CC=C(SCC(CC)CCCC)S3)=CC1=C(C4=CC=C(SCC(CC)CCCC)S4)C5=C2C=C(C6=C(CC(CC)CCCC)C=C(C7=CC=C(C8=CC(CC(CC)CCCC)=C(C)S8)C9=NSN=C79)S6)S5,8.28,8.28,16.93,0.56,0.873,1.71,22.1,10.5,2.1,5.24,3.53
CC(SC1=C2C3=CC=C(SCC(CC)CCCC)S3)=CC1=C(C4=CC=C(SCC(CC)CCCC)S4)C5=C2C=C(C6=CC=C(C7=C8C(C(C9=C(CC(CC)CCC)SC(CC(CC)CCCC)=C9C8=O)=O)=C(C%10=CC=C(C)S%10)S7)S6)S5,10.49,10.49,17.84,0.625,0.941,1.78,43.1,18.1,2.38,5.3,3.52
CC(SC1=C2C3=CC=C(SCC(CC)CCCC)S3)=CC1=C(C4=CC=C(SCC(CC)CCCC)S4)C5=C2C=C(C6=CC=C(C7=C8C(C=C(C(OCC(CCCCCCCC)CCCCCCCCCC)=O)S8)=C(C9=CC=C(C)S9)S7)S6)S5,5.35,5.35,14.61,0.501,0.73,1.64,31.2,13.4,2.33,5.08,3.44
CC(SC1=C2C3=CC=C(SCC(CC)CCCC)S3)=CC1=C(C4=CC=C(SCC(CC)CCCC)S4)C5=C2C=C(C6=CC=C(S6)C(C7=NN(CC(CCCCCC)CCCC)N=C78)=CC9=C8C=C(C%10=CC=C(C)S%10)C%11=NN(CC(CCCCCC)CCCC)N=C%119)S5,11.31,11.0,18.65,0.689,0.88,2.09,106.9,43.1,2.48,5.39,3.3
CC(SC1=C2C3=CC=C(SCC(CC)CCCC)S3)=CC1=C(C4=CC=C(SCC(CC)CCCC)S4)C5=C2C=C(S5)C6=C(C7CCCCC7)C=C(C8=C9C(C(C%10=C(CC(CC)CCCC)SC(CC(CC)CCCC)=C%10C9=O)=O)=C(C%11=CC(C%12CCCCC%12)=C(C)S%11)S8)S6,9.63,9.63,14.73,0.658,0.96,1.85,131.8,58.5,2.25,5.47,3.62
CC(SC1=C2C3=CC=C(SCC(CC)CCCC)S3)=CC1=C(C4=CC=C(SCC(CC)CCCC)S4)C5=C2C=C(S5)C6=CC(C(OCC(CCCC)CCCCCC)=O)=C(C7=CC=C(C)S7)S6,10.12,9.75,16.4,0.643,0.96,1.89,197.6,104.0,1.9,5.47,3.58
CC(SC1=C2C3=CC=C(SCC(CC)CCCC)S3)=CC1=C(C4=CC=C(SCC(CC)CCCC)S4)C5=C2C=C(S5)C6=CC(CCCCCCCCCC)=C(C7=CC8=C(C9=C(C(N(CC(CCCCCC)CCCCCCCC)C8=O)=O)C=C(C%10=C(CCCCCCCCCC)C=C(C)S%10)S9)S7)S6,10.55,10.29,16.33,0.687,0.94,1.88,73.0,38.0,1.92,5.53,3.65
CC(SC1=C2C3=CC=C(SCC(CC)CCCC)S3)=CC1=C(C4=CC=C(SCC(CC)CCCC)S4)C5=C2C=C(S5)C6=CC=C(C(C7=NN(CCCCCCCC)N=C78)=C(C(C(N9CCCCCCCC)=O)=C8C%10=CC=C(C)S%10)C9=O)S6,9.12,9.03,16.62,0.6,0.915,1.84,38.9,21.6,1.8,5.38,3.54
CC(SC1=C2C3=CC=C(SCC(CC)CCCC)S3)=CC1=C(C4=CC=C(SCC(CC)CCCC)S4)C5=C2C=C(S5)C6=CC=C(C7=C8C(C(C9=C(CC(CC)CCCC)SC(CC(CC)CCCC)=C9C8=O)=O)=C(C%10=CC=C(C)S%10)S7)S6,8.94,8.94,15.32,0.64,0.92,1.78,50.0,25.0,2.0,5.37,3.59
CC(SC1=C2C3=CC=C(SCC(CCCC)CCCCCC)S3)=CC1=C(C4=CC=C(SCC(CCCC)CCCCCC)S4)C5=C2C(SC(C6=CC=C(C7=C(F)C(F)=C(C8=CC=C(C)S8)C9=NN(CC(CCCCCC)CCCCCCCC)N=C97)S6)=C%10)=C%10S5,12.47,12.25,19.5,0.692,0.905,1.81,78.4,39.2,2.0,5.4,3.59
CC(SC1=C2C3=CC=C(SCC(CCCC)CCCCCC)S3)=CC1=C(C4=CC=C(SCC(CCCC)CCCCCC)S4)C5=C2C=C(C6=CC=C(C7=C(F)C(F)=C(C8=CC=C(C)S8)C9=NN(CC(CCCCCC)CCCCCCCC)N=C97)S6)S5,10.59,10.38,17.52,0.645,0.918,1.82,68.4,34.2,2.0,5.38,3.56
CC(SC1=C2C3=CC=C(SCC(CCCC)CCCCCC)S3)=CC1=C(C4=CC=C(SCC(CCCC)CCCCCC)S4)C5=C2C=C(S5)C6=C(CCCCCCCC)C=C(C7=NN=C(C8=CC(CCCCCCCC)=C(C)S8)S7)S6,12.8,12.35,17.78,0.654,1.1,2.59,68.2,35.9,1.9,5.39,2.8
CC(SC1=C2C3=CC=C([Si](CCC)(CCC)CCC)S3)=CC1=C(C4=CC=C([Si](CCC)(CCC)CCC)S4)C5=C2C=C(C6=CC=C(C7=C(F)C(F)=C(C8=CC=C(C)[Se]8)C9=NN(CC(CCCCCCCC)CCCCCC)N=C97)[Se]6)S5,11.04,10.81,17.04,0.712,0.91,1.75,27.1,16.2,1.67,5.41,3.66
CC(SC1=C2C3=CC=C([Si](CCC)(CCC)CCC)[Se]3)=CC1=C(C4=CC=C([Si](CCC)(CCC)CCC)[Se]4)C5=C2C=C(C6=CC=C(C7=C(F)C(F)=C(C8=CC=C(C)S8)C9=NN(CC(CCCCCCCC)CCCCCC)N=C97)S6)S5,11.41,11.27,17.11,0.695,0.96,1.83,42.0,22.6,1.86,5.49,3.66
CC(SC1=C2C3=CC=CC(SCC(CC)CCCC)=C3)=CC1=C(C4=CC(SCC(CC)CCCC)=CC=C4)C5=C2C=C(C6=CC=C(C7=C(F)C(F)=C(C8=CC=C(C)S8)C9=NN(CC(CCCCCC)CCCCCCCC)N=C97)S6)S5,13.16,13.01,18.02,0.715,0.95,2.0,38.0,20.0,1.9,5.4,3.4
CC(SC1=C2CCC(CCCCCC)CCCC)=CC1=C(CCC(CCCCCC)CCCC)C3=C2C=C(C4=CC=C(C5=C(F)C(F)=C(C6=CC=C(C)S6)C7=NN(CCOCCOCCOCCOC)N=C75)S4)S3,7.06,7.06,15.44,0.525,0.87,1.99,410.4,120.7,3.4,5.42,3.43
CC(SC1=C2CCC(CCCCCC)CCCC)=CC1=C(CCC(CCCCCC)CCCC)C3=C2C=C(C4=CC=C(C5=C(OCCOCCOCCOC)C(OCCOCCOCCOC)=C(C6=CC=C(C)S6)C7=NN(CC(CCCC)CCCCCC)N=C75)S4)S3,3.57,3.57,11.58,0.434,0.709,2.06,193.7,66.8,2.9,5.28,3.22
CC(SC1=C2OCC(CC)CCCC)=CC1=C(OCC(CC)CCCC)C3=C2C=C(C4=C(F)C(CCCCCC)=C(C)S4)S3,1.1,0.6,3.2,0.335,0.92,2.08,29.0,2.0,14.5,5.47,3.39
CC(SC1=C2OCC(CC)CCCC)=CC1=C(OCC(CC)CCCC)C3=C2C=C(S3)C4=C(F)C(F)=C(C)S4,5.6,5.6,11.6,0.53,0.94,2.1,28.0,13.0,2.1,5.29,3.19
CC(SC1=C2OCC(CC)CCCC)=CC1=C(OCC(CC)CCCC)C3=C2C=C(S3)C4=CC=C(C)S4,2.3,2.3,7.6,0.41,0.79,2.1,48.0,28.0,1.7,5.03,2.93
CC(SC1=C2OCCCCCCCCCCCC)=CC1=C(OCCCCCCCCCCCC)C3=C2C=C(S3)C4=CC=C(C5=CC=C(C6=CC=C(C)S6)C7=NSN=C57)S4,6.94,6.87,13.77,0.63,0.8,1.62,18.1,12.2,1.48,5.1,3.48
CC(SC1=C2OCCOCCOCCOC)=CC1=C(OCCOCCOCCOC)C3=C2C=C(C4=CC=C(C5=C(OCCOCCOCCOC)C(OCCOCCOCCOC)=C(C6=CC=C(C)S6)C7=NN(CC(CCCC)CCCCCC)N=C75)S4)S3,1.23,1.23,9.51,0.336,0.382,2.01,48.9,23.3,2.1,5.18,3.17
CC1=C(C(C2=C(CC(CC)CCCC)SC(CC(CC)CCCC)=C2C3=O)=O)C3=C(C4=CC5=C(C(C6=CC=C(CC(CC)CCCC)S6)=C7C=C(C)SC7=C5C8=CC=C(CC(CC)CCCC)S8)S4)S1,5.68,5.32,11.5,0.46,0.89,1.97,50.0,25.0,2.0,5.65,3.68
CC1=C(C(F)=C(C(OCC(CC)CCCC)=O)S2)C2=C(C3=CC4=C(OCC(CCCC)CC)C(SC(C)=C5)=C5C(OCC(CCCC)CC)=C4S3)S1,6.93,6.86,16.35,0.5,0.865,1.84,97.5,46.4,2.1,5.1375,3.4258333333333333
CC1=C(C=C(C(S2)=CC3=C2C(S4)=C(N(CC(CCCCCC)CCCCCCCC)C3=O)C=C4C5=CC(CC(CCCCCC)CCCCCCCC)=C(C6=CC=C(C7=C(C(F)=C(C8=CC=C(C)S8)C9=NSN=C97)F)S6)S5)S1)CC(CCCCCC)CCCCCCCC,7.8,7.4,14.26,0.593,0.9,2.05,257.9,173.1,1.49,5.26,3.21
CC1=C(C=C(S1)C2=C(C(F)=C(C3=NN(CCC)N=C32)C4=CC(CC(CCCCCCCCCC)CCCCCCCCCCCC)=C(S4)C5=CC(F)=C(S5)C6=C(F)C=C(S6)C)F)CC(CCCCCCCCCCCC)CCCCCCCCCC,7.3,7.0,12.2,0.59,0.998,1.91,168.0,92.0,1.83,5.28,3.37
CC1=C(C=C(S1)C2=C(C(F)=C(C3=NN(CCC)N=C32)C4=CC(CC(CCCCCCCCCC)CCCCCCCCCCCC)=C(S4)C5=CC=C(C6=C(F)C(F)=C(C7=CC=C(S7)C)S6)S5)F)CC(CCCCCCCCCCCC)CCCCCCCCCC,9.69,9.23,16.64,0.708,0.822,1.91,99.9,58.9,1.7,5.36,3.45
CC1=C(C=C(S1)C2=C(C(F)=C(C3=NN(CCC)N=C32)C4=CC(CC(CCCCCCCCCC)CCCCCCCCCCCC)=C(S4)C5=CC=C(C6=CC=C(C7=CC=C(S7)C)S6)S5)F)CC(CCCCCCCCCCCC)CCCCCCCCCC,0.37,0.33,1.39,0.327,0.813,1.94,93.6,44.8,2.09,5.24,3.3
CC1=C(C=C(S1)C2=C(C(F)=C(C3=NN(CCC)N=C32)C4=CC(CC(CCCCCCCCCC)CCCCCCCCCCCC)=C(S4)C5=CC=C(S5)C6=C(F)C(F)=C(C7=CC=C(C)S7)C=C6)F)CC(CCCCCCCCCCCC)CCCCCCCCCC,10.9,10.4,16.7,0.676,0.92,2.0,140.0,70.0,2.0,5.36,3.36
CC1=C(C=C(S1)C2=C(C(F)=C(C3=NN(CCC)N=C32)C4=CC(CC(CCCCCCCCCC)CCCCCCCCCCCC)=C(S4)C5=CC=C(S5)C6=C(F)C=C(C7=CC=C(C)S7)C(F)=C6)F)CC(CCCCCCCCCCCC)CCCCCCCCCC,9.2,8.7,15.35,0.642,0.92,1.99,140.0,70.0,2.0,5.32,3.33
CC1=C(C=C(S1)C2=C(C(F)=C(C3=NSN=C32)C4=CC(CC(CCCCCCCC)CCCCCCCCCC)=C(S4)C5=CC=C(S5)C6=CC=C(S6)C)F)CC(CCCCCCCCCC)CCCCCCCC,7.13,7.13,14.64,0.64,0.77,1.6,140.0,70.0,2.0,5.32,3.695
CC1=C(C=C(S1)C2=C(C(F)=C(C3=NSN=C32)C4=CC(CC(CCCCCCCCC)CCCCCCCCCCC)=C(S4)C5=CC6=C(C=C(C)S6)S5)F)CC(CCCCCCCCCCC)CCCCCCCCC,10.4,10.1,14.73,0.64,1.08,1.9,125.0,55.5,2.25,5.42,3.52
CC1=C(C=C(S1)C2=C(C(F)=C(C3=NSN=C32)C4=CC(CC(CCCCCCCCCC)CCCCCCCCCCCC)=C(S4)C5=CC=C(S5)C6=CC=C(S6)C)F)CC(CCCCCCCCCCCC)CCCCCCCCCC,6.6,6.2,13.32,0.569,0.85,1.65,140.0,70.0,2.0,5.292857142857144,3.611428571428572
CC1=C(CC(CCCC)CCCCCC)C=C(C2=CC(CC(CCCC)CCCCCC)=C(C3=CC(F)=C(C4=C(F)C=C(C)S4)S3)S2)S1,6.3,6.2,9.9,0.6,1.06,1.9,71.4,42.0,1.7,5.3,3.4
CC1=C(CC(CCCC)CCCCCC)C=C(C2=CC(CC(CCCC)CCCCCC)=C(C3=CC(F)=C(C4=C(F)C=C(C5=C(CC(CCCCCC)CCCCCCCC)C=C(C6=CC(CC(CCCCCC)CCCCCCCC)=C(C7=CC(F)=C(C8=C(F)C=C(C)S8)S7)S6)S5)S4)S3)S2)S1,6.5,6.4,10.7,0.6,1.02,1.91,64.4,46.0,1.4,5.31,3.4
CC1=C(CC(CCCCCC)CCCCCCCC)C=C(C2=CC(CC(CCCCCC)CCCCCCCC)=C(C3=CC(F)=C(C4=C(F)C=C(C)S4)S3)S2)S1,7.0,7.0,10.0,0.67,1.04,1.92,73.6,46.0,1.6,5.35,3.43
CC1=C(CC(CCCCCCCC)CCCCCCCCCC)C=C(C2=C(F)C(F)=C(C3=CC(CC(CCCCCCCCCC)CCCCCCCC)=C(C4=CC=C(C5=CC=C(C)S5)S4)S3)C6=NSN=C62)S1,11.1,10.7,17.2,0.63,1.02,1.65,93.7,47.5,1.97,5.34,3.69
CC1=C(CC(CCCCCCCCCC)CCCCCCCCCCCC)C=C(C2=C(F)C(F)=C(C3=CC(CC(CCCCCCCCCCCC)CCCCCCCCCC)=C(C4=CC=C(/C=C/C5=CC=C(C)S5)S4)S3)C6=NSN=C62)S1,5.98,5.82,12.02,0.542,0.9,1.76,140.0,70.0,2.0,5.27,3.51
CC1=C(CC(CCCCCCCCCC)CCCCCCCCCCCC)C=C(C2=CC=C(C3=CC=C(C4=CC(CC(CCCCCCCCCC)CCCCCCCCCCCC)=C(C5=CC(F)=C(C6=C(F)C=C(C)S6)S5)S4)S3)S2)S1,7.3,7.2,11.2,0.66,0.99,1.92,68.0,40.0,1.7,5.25,3.33
CC1=C(CC(CCCCCCCCCC)CCCCCCCCCCCC)C=C(C2=CC=C(C3=CC=C(C4=CC(CC(CCCCCCCCCC)CCCCCCCCCCCC)=C(C5=CC=C(C6=CC=C(C)S6)S5)S4)S3)S2)S1,4.3,4.1,6.7,0.56,1.07,2.0,62.0,34.4,1.8,5.28,3.28
CC1=C(F)C(F)=C(C2=CC(F)=C(C3=C(F)C=C(C)S3)S2)C4=NC(C5=CC(OCCCCCCCC)=C(OCCCCCCCC)C=C5)=C(C6=CC=C(OCCCCCCCC)C(OCCCCCCCC)=C6)N=C41,4.93,4.74,10.34,0.47,0.97,1.7,177.6,48.0,3.7,5.58,3.88
CC1=C(F)C(F)=C(C2=CC=C(C3=CC=C(C)S3)S2)C4=NC(C5=CC(OCCCCCCCC)=C(OCCCCCCCC)C=C5)=C(C6=CC=C(OCCCCCCCC)C(OCCCCCCCC)=C6)N=C41,4.82,4.38,12.23,0.42,0.86,1.69,273.6,57.0,4.8,5.42,3.73
CC1=C(F)C(F)=C(C2=CC=C(C3=CC=C(C4=CC=C(C)S4)C=C3)S2)C5=NC(C6=CC(OCCCCCCCC)=C(OCCCCCCCC)C=C6)=C(C7=CC=C(OCCCCCCCC)C(OCCCCCCCC)=C7)N=C51,8.13,7.8,16.6,0.58,0.82,1.73,304.5,87.0,3.5,5.4,3.67
CC1=C(F)C(F)=C(C2=CC=C(C3=CC=C(C4=CC=C(C)S4)S3)S2)C5=NC(C6=CC(OCCCCCCCC)=C(OCCCCCCCC)C=C6)=C(C7=CC=C(OCCCCCCCC)C(OCCCCCCCC)=C7)N=C51,3.95,3.78,9.03,0.45,0.93,1.91,176.4,36.0,4.9,5.56,3.65
CC1=CC(C(S1)=C2C3=CC(Cl)=C(CC(CC)CCCC)S3)=C(C4=C2C=C(C(S5)=C(CCCCCC)C6=C5C=C(C7=C(F)C(F)=C(C8=CC(SC(C)=C9CCCCCC)=C9S8)C%10=NN(CC(CCCCCC)CCCCCCCC)N=C7%10)S6)S4)C%11=CC(Cl)=C(CC(CC)CCCC)S%11,14.02,13.9,22.21,0.754,0.84,1.93,57.6,19.2,3.0,5.42,3.49
CC1=CC(C(S1)=C2C3=CC(Cl)=C(CC(CC)CCCC)S3)=C(C4=C2C=C(C5=CC=C(C6=C(F)C(F)=C(C7=CC=C(C)S7)C8=NN(CC(CCCCCC)CCCCCCCC)N=C68)S5)S4)C9=CC(Cl)=C(CC(CC)CCCC)S9,12.31,12.31,23.77,0.614,0.84,1.94,56.1,18.1,3.1,5.46,3.52
CC1=CC(C(S1)=C2C3=CC(Cl)=C(CC(CC)CCCC)S3)=C(C4=C2C=C(C5=CC=C(C6=C(F)C(F)=C(C7=CC=C(C)S7)C8=NN(CC(CCCCCCCC)CCCCCC)N=C68)S5)S4)C9=CC(Cl)=C(CC(CC)CCCC)S9,10.5,10.35,13.16,0.666,1.24,1.94,56.1,18.1,3.1,5.39,3.45
CC1=CC(C(S1)=C2C3=CC(Cl)=C(CC(CC)CCCC)S3)=C(C4=C2C=C(C5=CC=C(C6=C(OC)C(OC)=C(C7=CC=C(C)S7)C8=NN(CC(CCCCCC)CCCCCCCC)N=C68)S5)S4)C9=CC(Cl)=C(CC(CC)CCCC)S9,7.31,7.26,18.44,0.53,0.75,1.92,58.3,23.3,2.5,5.2,3.28
CC1=CC(C(S1)=C2C3=CC(Cl)=C(CC(CC)CCCC)S3)=C(C4=C2C=C(C5=CC=C(C6=CC=C(C7=CC=C(C)S7)C8=NN(CC(CCCCCC)CCCCCCCC)N=C68)S5)S4)C9=CC(Cl)=C(CC(CC)CCCC)S9,7.62,7.47,20.45,0.469,0.8,1.89,66.6,25.6,2.6,5.24,3.35
CC1=CC(C(S1)=C2C3=CC(Cl)=C(CCCCCCCC)S3)=C(C4=C2C=C(C5=CC=C(C6=C(F)C(F)=C(C7=CC=C(C)S7)C8=NN(CC(CCCCCCCC)CCCCCCCC)N=C68)S5)S4)C9=CC(Cl)=C(CCCCCCCC)S9,13.46,13.26,21.21,0.716,0.89,1.72,50.0,25.0,2.0,5.48,3.76
CC1=CC(C(S1)=C2C3=CC(F)=C(CC(CC)CCCC)S3)=C(C4=C2C=C(C5=CC=C(C6=C(F)C(F)=C(C7=CC=C(C)S7)C8=C6N=C(C9=CC=CC(OCCCCCCCC)=C9)C(C%10=CC(OCCCCCCCC)=CC=C%10)=N8)S5)S4)C%11=CC(F)=C(CC(CC)CCCC)S%11,12.02,11.84,24.64,0.622,0.78,1.89,54.1,17.1,3.16,5.37,3.48
CC1=CC(C(S1)=C2C3=CC(F)=C(CC(CCCC)CCCCCC)S3)=C(C4=C2C=C(C5=C(CCCCCCCC)C=C(C6=C(F)C(F)=C(C7=CC(CCCCCCCC)=C(C)S7)C8=NSN=C68)S5)S4)C9=CC(F)=C(CC(CCCC)CCCCCC)S9,9.17,8.74,15.22,0.645,0.89,1.82,48.0,27.2,1.76,5.34,3.52
CC1=CC(C(S1)=C2C3=CC(F)=C(SCC(CC)CCCC)S3)=C(C4=C2C=C(C5=CC=C(C6=C(F)C(F)=C(C7=CC=C(C)S7)C8=C6N=C(C9=CC=CC(OCCCCCCCC)=C9)C(C%10=CC(OCCCCCCCC)=CC=C%10)=N8)S5)S4)C%11=CC(F)=C(SCC(CC)CCCC)S%11,13.1,13.01,24.68,0.637,0.83,1.91,66.2,22.9,2.89,5.41,3.5
CC1=CC(C(S1)=C2C3=CC(F)=C(SCC(CCCC)CCCCCC)S3)=C(C4=C2C=C(C5=C(CCCCCCCC)C=C(C6=C(F)C(F)=C(C7=CC(CCCCCCCC)=C(C)S7)C8=NSN=C68)S5)S4)C9=CC(F)=C(SCC(CCCC)CCCCCC)S9,11.66,11.12,16.88,0.652,1.01,1.81,49.5,28.1,1.76,5.41,3.6
CC1=CC(C(S1)=C2C3=CC=C(C4=CC=C(OCC(CCCCCC)CCCCCCC)C=C4)C=C3)=C(C5=C2C=C(C6=CC=C(C7=C(F)C(F)=C(C8=CC=C(C)S8)C9=NN(CC(CCCC)CCCCCC)N=C79)S6)S5)C%10=CC=C(C%11=CC=C(OCC(CCCCCC)CCCCCCC)C=C%11)C=C%10,8.03,7.92,17.7,0.56,0.81,1.76,70.0,35.0,2.0,5.25,3.49
CC1=CC(C(S1)=C2C3=CC=C(CC(CC)CCCC)S3)=C(C4=C2C=C(C5=CC=C(C6=C(F)C(F)=C(C7=CC=C(C)S7)C8=C6N=C(C9=CC=CC(OCCCCCCCC)=C9)C(C%10=CC(OCCCCCCCC)=CC=C%10)=N8)S5)S4)C%11=CC=C(CC(CC)CCCC)S%11,8.61,8.44,23.41,0.553,0.66,1.75,55.4,18.3,3.03,5.19,3.44
CC1=CC(C(S1)=C2C3=CC=C(CC(CC)CCCC)S3)=C(C4=C2C=C(C5=CC=C(C6=C(F)C(F)=C(C7=CC=C(C)S7)C8=NN(CC(CCCCCC)CCCCCCCC)N=C68)S5)S4)C9=CC=C(CC(CC)CCCC)S9,13.18,12.76,22.86,0.679,0.849,2.08,170.0,53.1,3.2,5.244285714285715,3.111428571428572
CC1=CC(C(S1)=C2C3=CC=C(CC(CCCC)CCCCCC)S3)=C(C4=C2C=C(C5=C(CCCCCCCC)C=C(C6=C(F)C(F)=C(C7=CC(CCCCCCCC)=C(C)S7)C8=NSN=C68)S5)S4)C9=CC=C(CC(CCCC)CCCCCC)S9,7.15,6.62,13.51,0.613,0.8,1.79,49.3,28.5,1.73,5.14,3.35
CC1=CC(C(S1)=C2C3=CC=C(CC(CCCCCC)CCCCCCCC)S3)=C(C4=C2C=C(C5=CC=C(C6=C(F)C(F)=C(C7=CC=C(C)S7)C8=NN(CCCCCCCC)N=C68)S5)S4)C9=CC=C(CC(CCCCCC)CCCCCCCC)S9,8.58,8.21,15.2,0.62,0.91,1.99,140.0,70.0,2.0,5.316666666666666,3.3516666666666666
CC1=CC(C(S1)=C2C3=CC=C(CC(CCCCCC)CCCCCCCC)S3)=C(C4=C2C=C(C5=CC=C(C6=CC=C(C7=CC=C(C)S7)C8=NN(CCCCCCCC)N=C68)S5)S4)C9=CC=C(CC(CCCCCC)CCCCCCCC)S9,9.26,9.07,16.47,0.69,0.82,1.97,140.0,70.0,2.0,5.13,3.16
CC1=CC(C(S1)=C2C3=CC=C(SCC(CC)CCCC)S3)=C(C4=C2C=C(C5=CC=C(C6=C(F)C(F)=C(C7=CC=C(C)S7)C8=NN(CC(CCCCCC)CCCCCCCC)N=C68)S5)S4)C9=CC=C(SCC(CC)CCCC)S9,8.97,8.67,16.33,0.604,0.91,2.24,53.1,23.9,2.22,5.32,3.08
CC1=CC(C(S1)=C2C3=CC=C(SCC(CCCC)CCCCCC)S3)=C(C4=C2C=C(C5=C(CCCCCCCC)C=C(C6=C(F)C(F)=C(C7=CC(CCCCCCCC)=C(C)S7)C8=NSN=C68)S5)S4)C9=CC=C(SCC(CCCC)CCCCCC)S9,8.58,8.02,14.44,0.638,0.87,1.8,49.2,28.1,1.75,5.2,3.4
CC1=CC(C(S1)=C2C3=CC=C(SCC(CCCC)CCCCCC)S3)=C(C4=C2C=C(C5=CC=C(C6=C(F)C(F)=C(C7=CC=C(C)S7)C8=NN(CC(CCCC)CCCCCC)N=C68)S5)S4)C9=CC=C(SCC(CCCC)CCCCCC)S9,10.5,10.0,19.0,0.62,0.89,1.9,69.5,30.5,2.28,5.37,3.47
CC1=CC(C(S1)=C2C3=CC=C(SCCCCCCCC)S3)=C(C4=C2C=C(C5=CC(C(OCC(CC)CCCC)=O)=C(C6=C(C(OCC(CC)CCCC)=O)C=C(C)S6)S5)S4)C7=CC=C(SCCCCCCCC)S7,0.01,0.01,0.08,0.26,0.56,2.0,59.9,30.4,1.97,5.63,3.63
CC1=CC(C(S1)=C2C3=CC=C(SCCCCCCCC)S3)=C(C4=C2C=C(C5=CC(C(OCC(CC)CCCC)=O)=C(C6=CC=C(C7=C(C(OCC(CC)CCCC)=O)C=C(C)S7)S6)S5)S4)C8=CC=C(SCCCCCCCC)S8,11.9,11.4,18.9,0.63,1.0,2.02,107.5,35.7,3.01,5.39,3.37
CC1=CC(C(S1)=C2C3=CC=C(SCCCCCCCCCCCC)S3)=C(C4=C2C=C(C5=CC=C(C6=C(F)C(F)=C(C7=CC=C(C)O7)C8=NN(CC(CCCCCC)CCCCCCCC)N=C68)O5)S4)C9=CC=C(SCCCCCCCCCCCC)S9,8.24,8.17,13.12,0.661,0.95,2.54,20.9,14.2,1.47,5.45,2.91
CC1=CC(C(S1)=C2C3=CC=C(SCCCCCCCCCCCC)S3)=C(C4=C2C=C(C5=CC=C(C6=C(F)C(F)=C(C7=CC=C(C)S7)C8=NN(CC(CCCCCC)CCCCCCCC)N=C68)S5)S4)C9=CC=C(SCCCCCCCCCCCC)S9,11.77,11.49,18.31,0.706,0.912,2.24,74.2,32.4,2.29,5.3116666666666665,3.165833333333333
CC1=CC(C(S1)=C2C3=CC=C([Si](CCC)(CCC)CCC)S3)=C(C4=C2C=C(C5=C(CC(CCCCCCCC)CCCCCCCCCC)C=C(C6=C(F)C(F)=C(C7=CC(CC(CCCCCCCC)CCCCCCCCCC)=C(C)S7)C8=NSN=C68)S5)S4)C9=CC=C([Si](CCC)(CCC)CCC)S9,8.11,7.93,12.8,0.698,0.908,1.75,123.6,79.2,1.56,5.01,3.26
CC1=CC(C(S1)=C2C3=CC=C([Si](CCC)(CCC)CCC)S3)=C(C4=C2C=C(C5=CC(CCCCCCCCCCCC)=C(C6=C7C(C(N(CC(CCCCCC)CCCCCCCC)C7=O)=O)=C(C8=C(CCCCCCCCCCCC)C=C(C)S8)S6)S5)S4)C9=CC=C([Si](CCC)(CCC)CCC)S9,6.41,6.31,11.1,0.56,1.031,2.0,138.7,87.8,1.58,5.38,3.3800000000000003
CC1=CC(C(S1)=C2C3=CC=C([Si](CCC)(CCC)CCC)S3)=C(C4=C2C=C(C5=CC=C(C6=C7C(C(C8=C(CC(CC)CCCC)SC(CC(CC)CCCC)=C8C7=O)=O)=C(C9=CC=C(C)S9)S6)S5)S4)C%10=CC=C([Si](CCC)(CCC)CCC)S%10,12.01,11.83,17.0,0.753,0.939,1.81,115.3,80.1,1.44,5.14,3.33
CC1=CC(C(S1)=C2C3=CC=C4C=C(OCC(CCCCCC)CCCCCCC)C=CC4=C3)=C(C5=C2C=C(C6=CC=C(C7=C(F)C(F)=C(C8=CC=C(C)S8)C9=NN(CC(CCCC)CCCCCC)N=C79)S6)S5)C%10=CC%11=CC=C(OCC(CCCCCC)CCCCCCC)C=C%11C=C%10,6.61,6.45,18.0,0.49,0.75,1.71,74.0,37.0,2.0,5.23,3.52
CC1=CC(C(S1)=C2OCC(CCCCCCCC)CCCCCCCCCC)=C(C3=C2C=C(C4=CC=C(C5=C(F)C(F)=C(C6=CC=C(C)S6)C7=NN(CC(CC)CCCC)N=C57)S4)S3)OCC(CCCCCCCC)CCCCCCCCCC,6.48,6.13,12.18,0.601,0.89,2.5,153.1,58.9,2.6,5.4,2.9
CC1=CC(CC(CC)CCCC)=C(C2=NC(SC(C3=C(CC(CCCC)CC)C=C(C4=CC([Si](CC(CC)CCCC)(CC(CCCC)CC)C5=C6SC(C)=C5)=C6S4)S3)=N7)=C7S2)S1,8.1,7.85,13.82,0.63,0.93,1.8,132.2,33.9,3.9,5.112727272727272,3.305454545454545
CC1=CC(CCCCCC)=C(C)S1,6.62,6.31,11.75,0.624,0.86,1.9,21.1,11.6,1.82,5.019816513761468,3.098899082568808
CC1=CC(F)=C(C2=CC3=C(C(SC(C)=C4)=C4[Si]3(CCCCCCCC)CCCCCCCC)S2)C5=NN(CCCCCC)N=C15,7.19,7.09,13.78,0.58,0.9,2.0,41.8,20.8,2.01,5.4,3.4
CC1=CC(N(C(CCCCCCCC)CCCCCCCC)C2=C3C=CC(C4=CC=C(C5=CC=C(C6=CC=C(C)S6)C7=NSN=C57)S4)=C2)=C3C=C1,0.5,0.5,1.5,0.33,0.96,1.85,73.0,37.0,1.97,5.6,3.75
CC1=CC(N(CC(CCCCCCCC)CCCCCCCCCC)C2=O)C(C(C2=C3)=CC4=C3C5=C(N(CC(CCCCCCCC)CCCCCCCCCC)C4=O)C=C(C6=C(CCCCCC)C=C(C7=C(F)C(F)=C(C8=CC(CCCCCC)=C(C)S8)C9=NSN=C79)S6)S5)S1,2.73,2.62,7.44,0.371,0.95,1.85,89.0,31.9,2.79,5.59,3.74
CC1=CC(N(CC(CCCCCCCC)CCCCCCCCCC)C2=O)C(C(C2=C3)=CC4=C3C5=C(N(CC(CCCCCCCC)CCCCCCCCCC)C4=O)C=C(C6=CC=C(C(S7)=C(C(C8=C(CC(CC)CCCC)SC(CC(CC)CCCC)=C8C9=O)=O)C9=C7C%10=CC=C(C)S%10)S6)S5)S1,6.03,5.82,14.8,0.416,0.98,1.7,34.2,12.7,2.69,5.55,3.85
CC1=CC([Si](CC(CCCC)CC)(CC(CC)CCCC)C2=C3SC(C4=CC=C(C)C5=NSN=C45)=C2)=C3S1,1.0,1.0,3.7,0.35,0.801,1.48,21.6,18.0,1.2,4.9,3.42
CC1=CC2=C(C(C3=CC=C(CC(CC)CCCC)S3)=C4C=C(SC4=C2C5=CC=C(CC(CC)CCCC)S5)C6=C7C(C(N(C7=O)CCCCCCCC)=O)=C(S6)C)S1,0.4,0.4,0.9,0.46,0.96,1.83,48.0,20.0,2.4,5.6,3.77
CC1=CC2=C(C(C3=CC=C(CC(CCCC)CCCCCC)S3)=C4C=C(SC4=C2C5=CC=C(CC(CCCC)CCCCCC)S5)C6=CC=C(C7=C(N=C(C8=CC=C(CCCCCCCC)S8)C(C9=CC=C(CCCCCCCC)S9)=N%10)C%10=C(C=C(C%11=CC=C(C)S%11)C%12=C%13N=C(C%14=CC=C(CCCCCCCC)S%14)C(C%15=CC=C(CCCCCCCC)S%15)=N%12)C%13=C7)S6)S1,9.11,8.86,16.1,0.646,0.87,1.82,53.2,38.0,1.4,5.24,3.42
CC1=CC2=C(C(C3=CC=C(SCC(CCCC)CCCCCC)S3)=C4C=C(SC4=C2C5=CC=C(SCC(CCCC)CCCCCC)S5)C6=CC=C(C7=C(N=C(C8=CC=C(CCCCCCCC)S8)C(C9=CC=C(CCCCCCCC)S9)=N%10)C%10=C(C=C(C%11=CC=C(C)S%11)C%12=C%13N=C(C%14=CC=C(CCCCCCCC)S%14)C(C%15=CC=C(CCCCCCCC)S%15)=N%12)C%13=C7)S6)S1,11.47,11.02,17.86,0.698,0.92,1.85,68.0,40.0,1.7,5.31,3.46
CC1=CC2=C(C(CCC(CCCCCC)CCCC)=C(C=C(C3=CC=C(C4=C(F)C(F)=C(C5=CC=C(C)S5)C6=NN(CCC(CCCCCC)CCCC)N=C64)S3)S7)C7=C2CCC(CCCCCC)CCCC)S1,12.5,12.1,20.8,0.718,0.84,2.21,99.6,42.2,2.36,5.365,3.08
CC1=CC2=C(C(CCC(CCCCCC)CCCC)=C3C=C(C4=CC=C(C5=C(C#N)N=C(C6=CC=C(C)S6)C7=NN(CC(CCCCCC)CCCC)N=C75)S4)SC3=C2CCC(CCCCCC)CCCC)S1,4.37,4.37,8.15,0.465,1.152,1.84,100.0,50.0,2.0,5.67,3.83
CC1=CC2=C(C(CCC(CCCCCC)CCCC)=C3C=C(C4=CC=C(C5=CC=C(C6=CC=C(C)S6)C7=NN(CC(CCCCCC)CCCC)N=C75)S4)SC3=C2CCC(CCCCCC)CCCC)S1,4.26,4.26,12.54,0.399,0.851,1.98,122.3,47.6,2.57,5.42,3.44
CC1=CC2=C(C(OCCCCCCCC)=C(C=C(C3=C4C(C=C(C(OCCCCCCCCCCCC)=O)S4)=C(C)S3)S5)C5=C2OCCCCCCCC)S1,0.7,0.7,2.7,0.43,0.646,1.59,22.9,18.3,1.2,5.2,3.61
CC1=CC2=C(C(SC(C3=CC(CCCCCCCCCCCCCC)=C(C4=NC(SC(C5=C(CCCCCCCCCCCCCC)C=C(C)S5)=N6)=C6S4)S3)=C7)=C7[Si]2(CC(CC)CCCC)CC(CC)CCCC)S1,1.8,1.8,5.9,0.38,0.786,1.82,50.0,25.0,2.0,5.4,3.6
CC1=CC2=C(C3=CC=C(SCC(CC)CCCC)C=C3)C=C(C4=C5C=C(C6=C(CCCCCCCC)C=C(C7=C8C(C(C9=C(CC(CC)CCCC)SC(CC(CC)CCCC)=C9C8=O)=O)=C(C%10=CC(CCCCCCCC)=C(C)S%10)S7)S6)S4)C(C=C5C%11=CC=C(SCC(CC)CCCC)C=C%11)=C2S1,4.62,4.57,10.63,0.469,0.925,1.88,68.5,29.0,2.36,5.34,3.46
CC1=CC2=C(C3=CC=C(SCC(CC)CCCC)S3)C=C(C4=C5C=C(C6=C(CCCCCCCC)C(SC(C7=C8C(C(C9=C(CC(CC)CCCC)SC(CC(CC)CCCC)=C9C8=O)=O)=C(C(S%10)=CC%11=C%10C(CCCCCCCC)=C(C)S%11)S7)=C%12)=C%12S6)S4)C(C=C5C%13=CC=C(SCC(CC)CCCC)S%13)=C2S1,8.12,8.2,15.15,0.597,0.907,1.89,39.8,21.3,1.87,5.29,3.4
CC1=CC2=C(C3=CC=C(SCC(CC)CCCC)S3)C=C(C4=C5C=C(C6=C(CCCCCCCC)C=C(C7=C8C(C(C9=C(CC(CC)CCCC)SC(CC(CC)CCCC)=C9C8=O)=O)=C(C%10=CC(CCCCCCCC)=C(C)S%10)S7)S6)S4)C(C=C5C%11=CC=C(SCC(CC)CCCC)S%11)=C2S1,9.72,9.58,15.65,0.711,0.875,1.78,53.7,21.9,2.45,5.24,3.46
CC1=CC2=C(C=C1)C(C=CC(C3=CC=C(S3)C4=C(OCCCCCCCCCCCC)C(OCCCCCCCCCCCC)=C(C5=NSN=C45)C6=CC=C(S6)C)=C7)=C7N2CCCCCCCC,1.68,1.65,3.71,0.36,1.22,1.85,73.0,37.0,1.97,5.23,3.3800000000000003
CC1=CC2=C(S1)C(C(S3)=CC=C3CC(CCCC)CC)=C4C(SC(C(S5)=CC=C5C(N6CC(CCCCCC)CCCC)=C7C(C6=O)=C(C8=CC=C(C)S8)N(CC(CCCC)CCCCCC)C7=O)=C4)=C2C(S9)=CC=C9CC(CCCC)CC,8.14,8.0,18.5,0.648,0.679,1.57,280.0,101.0,2.77,5.22,3.65
CC1=CC2=C(S1)C(C3=CC(CCCCCC)=C(CCCCCC)S3)=C4C=C(SC4=C2C5=CC(CCCCCC)=C(CCCCCC)S5)C6=CC=C(S6)C7=C(C(F)=C(C8=NN(N=C87)CC(CCCC)CCCCCC)C9=CC=C(S9)C)F,6.34,6.24,11.77,0.523,1.013,2.42,100.0,50.0,2.0,5.31,2.89
CC1=CC2=C(S1)C(C3=CC=C(C#C[Si](C(C)C)(C(C)C)C(C)C)S3)=C4C(OC(C5=CC=C(C6=C(F)C(F)=C(C7=CC=C(C)S7)C8=NN(CC(CCCCCC)CCCCCCCC)N=C68)S5)=C4)=C2C9=CC=C(C#C[Si](C(C)C)(C(C)C)C(C)C)S9,7.51,7.43,14.09,0.553,0.96,2.57,58.6,48.8,1.2,5.54,2.97
CC1=CC2=C(S1)C(C3=CC=C(C#C[Si](C(C)C)(C(C)C)C(C)C)S3)=C4C(OC(C5=CC=C(C6=CC=C(C7=CC=C(C)S7)C8=C6N=C(C9=CC=CC(OCCCCCCCC)=C9)C(C%10=CC(OCCCCCCCC)=CC=C%10)=N8)S5)=C4)=C2C%11=CC=C(C#C[Si](C(C)C)(C(C)C)C(C)C)S%11,4.38,4.28,9.47,0.509,0.91,2.47,66.4,49.2,1.35,5.42,2.95
CC1=CC2=C(S1)C(C3=CC=C(CC(CC)CCCC)S3)=C4C(OC(C5=CC=C(C6=C(F)C(F)=C(C7=CC=C(C)S7)C8=NN(CC(CCCCCC)CCCCCCCC)N=C68)S5)=C4)=C2C9=CC=C(CC(CC)CCCC)S9,8.33,8.12,15.28,0.69,0.79,1.89,41.1,21.4,1.92,5.45,3.56
CC1=CC2=C(S1)C(C3=CC=C(SCCCCCCCC)S3)=C4C(OC(C5=CC=C(C6=C(F)C(F)=C(C7=CC=C(C)S7)C8=C6N=C(C9=CC=CC(OCCCCCCCC)=C9)C(C%10=CC(OCCCCCCCC)=CC=C%10)=N8)S5)=C4)=C2C%11=CC=C(SCCCCCCCC)S%11,8.67,8.35,14.0,0.579,1.07,1.77,42.8,16.4,2.61,5.46,3.69
CC1=CC2=C(S1)C(CCC(CCCC)CCCCCC)=C3C=C(SC3=C2CCC(CCCC)CCCCCC)C4=CC=C(S4)C5=C(C(F)=C(C6=NN(N=C65)CC(CCCC)CCCCCC)C7=CC=C(S7)C)F,12.3,12.1,19.7,0.693,0.9,2.21,99.6,42.2,2.36,5.391578947368421,3.2194736842105263
CC1=CC2=CC(C3=CC=C(C4=C(CC(CCCCCCCC)CCCCCCCCCC)C=C(S4)C(C5=NSN=C5C(C(S6)=CC(CC(CCCCCCCC)CCCCCCCCCC)=C6C)=C7F)=C7F)S3)=CC=C2S1,8.5,7.8,17.5,0.537,0.899,1.83,35.2,25.0,1.41,5.55,3.72
CC1=CC2=CC=C(C3=CC=C(C4=C(CC(CCCCCCCC)CCCCCCCCCC)C=C(S4)C(C5=NSN=C5C(C(S6)=CC(CC(CCCCCCCC)CCCCCCCCCC)=C6C)=C7F)=C7F)S3)C=C2S1,6.9,6.8,13.0,0.592,0.899,1.72,44.5,28.9,1.54,5.35,3.63
CC1=CC=C(C(S2)=C3C(C(C4=C(CC(CCCC)CC)SC(CC(CCCC)CC)=C4C3=O)=O)=C2C5=CC=C(C6=CC7=C(C8=C(C9=CC=C(CCCCCCCC)S9)C(SC%10=C%11SC(C)=C%10)=C%11C(C%12=CC=C(CCCCCCCC)S%12)=C8S7)S6)S5)S1,8.42,8.23,12.48,0.697,0.947,1.93,342.0,195.4,1.75,5.36,3.43
CC1=CC=C(C2=C(C3=C(C4=NN(CCCCCCCC)N=C42)C5=CC=C(C6=CC7=C(S6)C8=C(C(C9=CC=C(CC(CC)CCCC)S9)=C%10C(SC(C)=C%11)=C%11SC%10=C8C%12=CC=C(CC(CC)CCCC)S%12)S7)S5)C(N(CCCCCCCC)C3=O)=O)S1,10.24,10.13,18.29,0.643,0.87,1.88,145.4,90.9,1.6,5.39,3.51
CC1=CC=C(C2=C(F)C(F)=C(C3=CC=C(C4=CC=C(/C(C#N)=C/C5=C(OCC(CCCCCC)CCCCCCCC)C=C(/C=C(C#N)/C6=CC=C(C)S6)C(OCC(CCCCCCCC)CCCCCC)=C5)S4)S3)C7=NN(CC(CCCCCCCCCC)CCCCCCCCCCCC)N=C72)S1,5.44,5.39,11.49,0.461,1.02,1.72,74.0,42.3,1.75,5.48,3.76
CC1=CC=C(C2=C(F)C(F)=C(C3=CC=C(C4=CC=C(/C(C#N)=C/C5=C(OCC(CCCCCCCC)CCCCCCCCCC)C=C(/C=C(C#N)/C6=CC=C(C)S6)C(OCC(CCCCCCCCCC)CCCCCCCC)=C5)S4)S3)C7=NN(CC(CCCCCCCCCC)CCCCCCCCCCCC)N=C72)S1,7.03,6.91,12.43,0.531,1.04,1.73,125.4,64.0,1.96,5.51,3.78
CC1=CC=C(S1)C2=CC=C(S2)C3=C(CC(CCCCCCCCCC)CCCCCCCCCCCC)C=C(C4=CC5=C(S4)C6=C(C=C(S6)C7=CC(CC(CCCCCCCCCC)CCCCCCCCCCCC)=C(S7)C)C8=NON=C58)S3,8.19,7.95,13.3,0.668,0.92,1.96,122.8,64.3,1.91,5.44,3.48
CCC(CC1=CC(C(C2=C3C=C(C)S2)=C4C(SC(C5=CC=C(C6=C7C(C(C8=C(CC(CC)CCCC)SC(CC(CC)CCCC)=C8C7=O)=O)=C(C9=CC=C(C)S9)S6)S5)=C4)=C3C%10=CC=CC(CC(CCCC)CC)=C%10)=CC=C1)CCCC,12.22,11.92,18.11,0.702,0.96,2.06,44.3,24.6,1.8,5.48,3.42
CCC(CC1=CC=C(C(C2=C3C=C(C)S2)=C4C(SC(C5=CC=C(C6=C7C(C(C8=C(CC(CC)CCCC)SC(CC(CC)CCCC)=C8C7=O)=O)=C(C9=CC=C(C)S9)S6)S5)=C4)=C3C%10=CC=C(CC(CCCC)CC)C=C%10)C=C1)CCCC,9.36,9.15,15.76,0.652,0.91,1.92,70.3,37.0,1.9,5.41,3.49
CCC(CC1=CC=CC=C1C(C2=C3C=C(C)S2)=C4C(SC(C5=CC=C(C6=C7C(C(C8=C(CC(CC)CCCC)SC(CC(CC)CCCC)=C8C7=O)=O)=C(C9=CC=C(C)S9)S6)S5)=C4)=C3C%10=CC=CC=C%10CC(CCCC)CC)CCCC,3.09,2.64,8.43,0.366,1.0,2.15,44.8,22.4,2.0,5.52,3.37
CCCCC(CC)CC(S1)=C(F)C=C1C2=C3C(C=C(C4=CC=C(C5=C6C=C(F)SC6=C(C7=CC=C(C)S7)C8=NN(CC(CCCCCCCC)CCCCCC)N=C58)S4)S3)=C(C9=CC(F)=C(CC(CC)CCCC)S9)C%10=C2C=C(C)S%10,6.59,6.05,13.94,0.618,0.77,1.79,212.5,85.0,2.5,5.37,3.58
CCCCC(CC)CC(S1)=C(F)C=C1C2=C3C(C=C(S3)C4=CC=C(C5=CC6=C(C=C(C7=CC=C(C)S7)C8=NN(CC(CCCC)CCCCCC)N=C86)C9=NN(CC(CCCCCC)CCCC)N=C59)S4)=C(C%10=CC(F)=C(CC(CC)CCCC)S%10)C%11=C2C=C(C)S%11,11.02,10.85,16.98,0.687,0.91,2.27,65.5,37.0,1.77,5.47,3.2
CCCCC(CC)CC(S1)=CC=C1C2=C3C(C=C(C(S4)=C(C(C5=C(CCCCCCCC)SC(CCCCCCCC)=C5C6=O)=O)C6=C4C)S3)=C(C7=CC=C(CC(CC)CCCC)S7)C8=C2C=C(C)S8,2.13,2.13,5.78,0.39,0.95,1.89,32.5,16.2,2.01,5.46,3.57
CCCCC(CC)CC(S1)=CC=C1C2=C3C(C=C(C(S4)=CC=C4C(S5)=C(C(C6=C(CCCCCCCC)SC(CCCCCCCC)=C6C7=O)=O)C7=C5C8=CC=C(C)S8)S3)=C(C9=CC=C(CC(CC)CCCC)S9)C%10=C2C=C(C)S%10,9.01,9.01,16.33,0.64,0.84,1.77,169.5,66.4,2.55,5.35,3.58
CCCCC(CC)CC(S1)=CC=C1C2=C3C(C=C(C4=C(CCCCCC)C(S5)=C(S4)C=C5C(S6)=C(C(C7=C(CCCCCCCC)SC(CCCCCCCC)=C7C8=O)=O)C8=C6C9=CC%10=C(C(CCCCCC)=C(C)S%10)S9)S3)=C(C%11=CC=C(CC(CC)CCCC)S%11)C%12=C2C=C(C)S%12,9.22,9.22,15.52,0.68,0.88,1.83,153.2,66.6,2.3,5.37,3.54
CCCCC(CC)CC(S1)=CC=C1C2=C3C(C=C(C4=CC=C(C5=C6C=C(F)SC6=C(C7=CC=C(C)S7)C8=NN(CC(CCCCCCCC)CCCCCC)N=C58)S4)S3)=C(C9=CC=C(CC(CC)CCCC)S9)C%10=C2C=C(C)S%10,6.04,5.71,14.2,0.575,0.74,1.82,225.6,94.0,2.4,5.27,3.45
CCCCC(CC)CC(S1)=CC=C1C2=C3C(C=C(S3)C4=CC(NC(OCC(CCCCCCCC)CCCCCCCCCC)=O)=C(C5=NC(SC(C6=C(NC(OCC(CCCCCCCC)CCCCCCCCCC)=O)C=C(C)S6)=N7)=C7S5)S4)=C(C8=CC=C(CC(CC)CCCC)S8)C9=C2C=C(C)S9,12.9,12.7,21.7,0.691,0.85,1.84,293.0,146.1,2.01,5.41,3.57
CCCCC(CC)CC(S1)=CC=C1C2=C3C(C=C(S3)C4=CC=C(C5=CC6=C(C=C(C7=CC=C(C)S7)C8=NN(CC(CCCC)CCCCCC)N=C86)C9=NN(CC(CCCCCC)CCCC)N=C59)S4)=C(C%10=CC=C(CC(CC)CCCC)S%10)C%11=C2C=C(C)S%11,9.23,9.02,15.19,0.664,0.89,2.33,79.0,39.3,2.01,5.35,3.02
CCCCC(CC)CSC1=CC=C(C(C2=C3C=C(C4=CC(C(OCCC(C)CCCC(C)C)=O)=C(C5=CC=C(C)S5)S4)S2)=C6C(SC(C7=CC(C(OCCC(C)CCCC(C)C)=O)=C(C)S7)=C6)=C3C8=CC=C(SCC(CC)CCCC)S8)S1,11.2,10.8,20.31,0.61,0.904,1.94,193.4,37.2,5.2,5.54,3.6
CCCCC(CC)CSC1=CC=C(C(C2=C3C=C(C4=CC(C(OCCCCCCCC)=O)=C(C5=CC=C(C)S5)S4)S2)=C6C(SC(C7=CC(C(OCCCCCCCC)=O)=C(C)S7)=C6)=C3C8=CC=C(SCC(CC)CCCC)S8)S1,11.5,11.0,20.05,0.64,0.896,1.92,66.8,25.7,2.6,5.51,3.59
CCCCC(CC)CSC1=CC=C(C(C2=C3C=C(C4=CC(C(OCCCCCCCCCC)=O)=C(C5=CC=C(C)S5)S4)S2)=C6C(SC(C7=CC(C(OCCCCCCCCCC)=O)=C(C)S7)=C6)=C3C8=CC=C(SCC(CC)CCCC)S8)S1,14.2,14.0,20.73,0.76,0.9,1.91,163.6,39.9,4.1,5.5,3.59
CCCCC(CN(C1=C2C=CC(C)=C1)C3=C2C=CC(C4=CC=C(S4)C5=C(C(OCC(CCCCCCCC)CCCCCC)=C(C6=NSN=C56)C7=CC=C(C)S7)F)=C3)CC,3.71,3.65,6.29,0.55,1.07,1.95,119.1,59.6,2.0,5.28,3.33
CCCCCCC(CCCC)COC1=C(C)C2=NSN=C2C(C3=CC(F)=C(C4=C(F)C=C(C)S4)S3)=C1OCC(CCCC)CCCCCC,2.46,2.46,7.04,0.38,0.92,1.63,108.0,36.0,3.0,5.57,3.94
CCCCCCC(CCCC)COC1=C(C)C2=NSN=C2C(C3=CC(SC(C)=C4)=C4S3)=C1OCC(CCCC)CCCCCC,1.57,1.57,3.94,0.46,0.87,1.69,123.2,44.0,2.8,5.51,3.82
CCCCCCC(CCCC)COC1=C(C)C2=NSN=C2C(C3=CC=C(C4=CC=C(C)S4)S3)=C1OCC(CCCC)CCCCCC,5.41,5.41,10.42,0.59,0.88,1.76,77.0,35.0,2.2,5.49,3.73
CCCCCCC(CCCCCCCC)CC1=C(C2=CC=C(C3=C(C(F)=C(C4=CC=C(C5=C(CC(CCCCCC)CCCCCCCC)C=C(C)S5)S4)C6=NSN=C63)F)S2)SC(C7=C(F)C(F)=C(C)C(C(N8CC(CCCCCC)CCCCCCCC)=O)=C7C8=O)=C1,12.74,12.42,19.01,0.71,0.94,1.77,69.6,58.0,1.2,5.63,3.86
CCCCCCC(CCCCCCCC)CC1=C(C2=CC=C(C3=C(C(F)=C(C4=CC=C(C5=C(CC(CCCCCC)CCCCCCCC)C=C(C)S5)S4)C6=NSN=C63)F)S2)SC(C7=CC=C(C)C(C(N8CC(CCCCCC)CCCCCCCC)=O)=C7C8=O)=C1,13.31,12.92,19.41,0.76,0.91,1.75,54.0,36.0,1.5,5.55,3.8
CCCCCCCCCN(C1=C2C=CC(C)=C1)C3=C2C=CC(C4=CC=C(S4)C5=C(C(OCCCCCCCCCCCC)=C(C6=NSN=C56)C7=CC=C(C)S7)OCCCCCCCCCCCC)=C3,1.87,1.73,4.1,0.43,1.06,1.97,50.3,25.2,2.0,5.23,3.26
CCCCCCCCN1C(C2=C(SC(C3=CC4=C(S3)C(C5=CC=C(S5)CCCCCCCCCCCC)=C6C=C(SC6=C4C7=CC=C(S7)CCCCCCCCCCCC)C)=C2C1=O)C)=O,7.15,7.11,14.47,0.552,0.89,2.42,29.3,12.1,2.42,5.510000000000001,3.09
CCCCCCCCN1C(C2=C(SC(C3=CC4=C(S3)C(OCC(CC)CCCC)=C5C=C(SC5=C4OCC(CC)CCCC)C)=C2C1=O)C)=O,4.43,4.39,10.51,0.437,0.96,2.3,34.5,13.7,2.52,5.36,3.06
CCCCCCCCN1N=C(C2=N1)C(C3=CC(C4=CC=C(CC(CCCCCCCCCCCC)CCCCCCCCCC)S4)=C(C5=CC=C(C6=C(F)C(F)=C(C7=CC=C(C)S7)C(F)=C6F)S5)S3)=C(F)C(F)=C2C8=CC(C9=CC=C(CC(CCCCCCCCCC)CCCCCCCCCCCC)S9)=C(C)S8,10.6,10.36,16.24,0.67,0.96,2.0,98.0,54.1,1.81,5.58,3.58
CCCCCCCCN1N=C(C2=N1)C(C3=CC(CC(CCCCCCCCCCCC)CCCCCCCCCC)=C(C4=CC=C(C5=C(F)C(F)=C(C6=CC=C(C)S6)C(F)=C5F)S4)S3)=C(F)C(F)=C2C7=CC(CC(CCCCCCCCCC)CCCCCCCCCCCC)=C(C)S7,9.81,9.37,13.72,0.71,0.97,1.98,114.2,56.2,2.03,5.59,3.61
CCC[Si](CCC)(C1=CC=C(C(C2=C3C=C(C4=CC=C(C5=C(F)C(F)=C(C6=CC=C(C)S6)C7=NN(CC(CCCCCC)CCCCCCCC)N=C57)S4)O2)=C8C(OC(C)=C8)=C3C9=CC=C([Si](CCC)(CCC)CCC)S9)S1)CCC,11.05,11.05,16.48,0.698,0.96,2.45,17.1,10.1,1.69,5.43,2.98
CCC[Si](CCC)(C1=CC=C(C(C2=C3C=C(C4=CC=C(C5=C(F)C(F)=C(C6=CC=C(C)S6)C7=NN(CC(CCCCCC)CCCCCCCC)N=C57)S4)S2)=C8C(SC(C)=C8)=C3C9=CC=C([Si](CCC)(CCC)CCC)S9)S1)CCC,12.54,12.13,18.41,0.742,0.918,2.16,47.0,23.5,2.0,5.374615384615385,3.2834615384615384
ClC(C1=C(SC(C2=CC3=C(S2)C(C4=CC=C(S4)CC(CCCC)CC)=C5C=C(SC5=C3C6=CC=C(S6)CC(CCCC)CC)C)=C1S7)C)=C7C8=C(Cl)C=C(C(OCCCCCC)=O)S8,7.38,7.17,14.52,0.584,0.87,1.8,80.3,41.9,1.91,5.43,3.63
ClC(C1=C(SC(C2=CC3=C(S2)C(C4=CC=C(S4)CC(CCCC)CC)=C5C=C(SC5=C3C6=CC=C(S6)CC(CCCC)CC)C)=C1S7)C)=C7C8=CC=C(C(OCCCCCC)=O)S8,8.81,8.67,15.79,0.613,0.91,1.85,66.2,41.4,1.59,5.45,3.6
FC(C(F)=C(C1=CC(C(OCC(CCCCCCCCCC)CCCCCCCC)=O)=C(C2=CC(CC(CCCCCCCC)CCCCCC)=C(C3=CC=C(C4=C(F)C(F)=C(C5=CC=C(C)S5)C6=NSN=C64)S3)S2)S1)C7=NSN=C78)=C8C9=CC(C(OCC(CCCCCCCCCC)CCCCCCCC)=O)=C(C%10=CC(CC(CCCCCCCC)CCCCCC)=C(C)S%10)S9,11.01,10.68,14.71,0.741,0.98,1.86,99.7,48.4,2.06,5.4,3.54
FC(C(F)=C(C1=CC(CC(CCCCCCCCCC)CCCCCCCCCCCC)=C(C)S1)C2=NN(CCC)N=C32)=C3C4=CC(CC(CCCCCCCCCC)CCCCCCCCCCCC)=C(S4)C5=CC=C(C6=C(F)C(F)=C(C7=CC=C(C)S7)C=C6)S5,10.88,10.5,17.1,0.67,0.92,2.0,88.4,43.8,2.02,5.36,3.36
FC(C(F)=C(C1=CC(CC(CCCCCCCCCC)CCCCCCCCCCCC)=C(C)S1)C2=NN(CCC)N=C32)=C3C4=CC(CC(CCCCCCCCCC)CCCCCCCCCCCC)=C(S4)C5=CC=C(C6=C(F)C=C(C7=CC=C(C)S7)C(F)=C6)S5,7.85,7.6,12.8,0.65,0.92,1.97,75.8,46.1,1.64,5.3,3.33
FC(C(F)=C(C1=CC=C(C)S1)C2=NN(CCC)N=C32)=C3C4=C(CC(CCCCCCCCCC)CCCCCCCCCCCC)C=C(C5=C(C=CS6)C6=C(C7=CC(CC(CCCCCCCCCC)CCCCCCCCCCCC)=C(C)S7)C8=C5SC=C8)S4,11.6,11.2,16.26,0.636,1.08,2.05,138.3,68.8,2.01,5.47,3.42
FC(C(F)=C(C1=CC=C(S1)C)C2=NSN=C23)=C3C4=CC=C(C5=C(C(OCC(CCCCCC)CCCCCCCC)=O)C=C(C6=C(CC(CCCCCC)CCCCCCCC)C=C(C7=C(F)C(F)=C(C8=CC(CC(CCCCCC)CCCCCCCC)=C(C9=CC(C(OCC(CCCCCC)CCCCCCCC)=O)=C(C)S9)S8)C%10=NSN=C7%10)S6)S5)S4,8.1,7.83,10.47,0.65,1.2,1.99,214.6,94.2,2.28,5.55,3.56
FC(C(F)=C(C1=CC=C(S1)C)C2=NSN=C23)=C3C4=CC=C(C5=C(CC(CCCCCC)CCCCCCC)C=C(C6=C(C(OCC(CCCCCCCC)CCCCCCCCC)=O)C=C(C7=C(F)C(F)=C(C8=CC(C(OCC(CCCCCCCC)CCCCCCCCC)=O)=C(C9=CC(CC(CCCCCC)CCCCCCC)=C(C)S9)S8)C%10=NSN=C7%10)S6)S5)S4,10.58,10.37,13.89,0.659,1.13,1.8,207.2,103.5,2.0,5.46,3.61
FC(C(F)=C(C1=NON=C12)C3=CC(CC(CCCCCC)CCCCCCCC)=C(S3)C4=CC(CC(CCCCCC)CCCCCCCC)=C(S4)C5=CC=C(C6=CC=C(C7=C(C(F)=C(C8=CC=C(C)S8)C9=NON=C97)F)S6)S5)=C2C(S%10)=CC(CC(CCCCCC)CCCCCCCC)=C%10C%11=CC(CC(CCCCCC)CCCCCCCC)=C(C)S%11,7.4,7.1,11.72,0.569,1.07,2.08,113.4,56.7,2.0,5.57,3.49
FC(C(F)=C(C1=NON=C12)C3=CC(CC(CCCCCC)CCCCCCCC)=C(S3)C4=CC(CC(CCCCCC)CCCCCCCC)=C(S4)C5=CC=C(C6=CC=C(C7=C(C(F)=C(C8=CC=C(C)S8)C9=NSN=C97)F)S6)S5)=C2C(S%10)=CC(CC(CCCCCC)CCCCCCCC)=C%10C%11=CC(CC(CCCCCC)CCCCCCCC)=C(C)S%11,9.0,8.8,15.29,0.598,0.96,2.09,165.4,82.7,2.0,5.48,3.39
FC(C(F)=C(C1=NSN=C12)C)=C2C(S3)=CC=C3C4=C(OCC(CCCCCC)CCCCCCCC)C=C(C5=CC=C(C)S5)C(OCC(CCCCCC)CCCCCCCC)=C4,7.64,7.5,11.88,0.63,1.03,1.76,100.8,48.0,2.1,5.34,3.5875
FC(C(F)=C(C1=NSN=C12)C3=CC(CC(CCCCCC)CCCCCCCC)=C(S3)C4=CC(CC(CCCCCC)CCCCCCCC)=C(S4)C5=CC=C(C6=CC=C(C7=C(C(F)=C(C8=CC=C(C)S8)C9=NSN=C97)F)S6)S5)=C2C(S%10)=CC(CC(CCCCCC)CCCCCCCC)=C%10C%11=CC(CC(CCCCCC)CCCCCCCC)=C(C)S%11,8.0,7.3,14.25,0.608,0.88,1.63,144.4,72.2,2.0,5.35,3.495
FC1=C(C(S2)=CC(C(OCC(CCCCCCCCCC)CCCCCCCCCCCC)=O)=C2C3=CC=C(C4=CC=C(C)S4)S3)C5=NSN=C5C(C6=CC(C(OCC(CCCCCCCCCC)CCCCCCCCCCCC)=O)=C(C)S6)=C1F,6.69,6.69,11.1,0.7,0.86,2.17,66.6,33.7,1.98,5.760000000000001,3.59
FC1=C(C2=CC=C(C)S2)C3=NC(OCC(CCCCCC)CCCCCCCC)=CN=C3C(C)=C1F,17.7,17.3,24.8,0.774,0.878,2.72,82.1,39.1,2.1,5.5458461538461545,3.062923076923077
FC1=C(C2=CC=C(C3=C(F)C(F)=C(C4=CC=C(C)S4)C(F)=C3F)S2)C5=NC(C6=CC(OCCCCCCCC)=C(OCCCCCCCC)C=C6)=C(C7=CC=C(OCCCCCCCC)C(OCCCCCCCC)=C7)N=C5C(C)=C1F,2.93,2.91,4.82,0.574,1.06,2.55,83.2,29.7,2.8,5.68,3.13
FC1=C(C2=CC=C(C3=CC(C(C4=CC=C(CC(CC)CCCCC)S4)=C(SC(C)=C5)C5=C6C7=CC=C(CC(CC)CCCC)S7)=C6S3)S2)C8=NC(C9=CC(F)=C(CC(CC)CCCC)S9)=C(C%10=CC(F)=C(CC(CC)CCCC)S%10)N=C8C(C%11=CC=C(C)S%11)=C1F,13.1,13.1,21.2,0.696,0.89,1.69,71.2,24.8,2.87,5.31,3.62
FC1=C(C2=CC=C(C3=CC(C(C4=CC=C(CC(CCCC)CCCCCCC)S4)=C(SC(C)=C5)C5=C6C7=CC=C(CC(CCCC)CCCCCC)S7)=C6S3)S2)C8=NC(C9=CC(F)=C(CC(CC)CCCC)S9)=C(C%10=CC(F)=C(CC(CC)CCCC)S%10)N=C8C(C%11=CC=C(C)S%11)=C1F,7.22,7.07,13.75,0.561,0.94,1.71,31.6,13.7,2.31,5.38,3.67
FC1=C(C2=CC=C(C3=CC(F)=C(C4=CC=C(C)S4)C=C3F)S2)C5=NC(C6=CC(OCCCCCCCC)=C(OCCCCCCCC)C=C6)=C(C7=CC=C(OCCCCCCCC)C(OCCCCCCCC)=C7)N=C5C(C)=C1F,9.7,9.4,15.99,0.609,1.0,2.56,92.4,38.5,2.4,5.54,2.98
FC1=C(C2=CC=C(C3=CC=C(C4=CC=C(C)S4)C=C3)S2)C5=NC(C6=CC(OCCCCCCCC)=C(OCCCCCCCC)C=C6)=C(C7=CC=C(OCCCCCCCC)C(OCCCCCCCC)=C7)N=C5C(C)=C1F,4.86,4.85,8.53,0.662,0.86,2.27,41.8,24.6,1.7,5.17,2.9
FC1=C(C2=CC=C(C3=CC=C(C4=CC=C(C)S4)C=C3F)S2)C5=NC(C6=CC(OCCCCCCCC)=C(OCCCCCCCC)C=C6)=C(C7=CC=C(OCCCCCCCC)C(OCCCCCCCC)=C7)N=C5C(C)=C1F,7.75,7.73,13.15,0.648,0.91,2.39,67.8,32.3,2.1,5.33,2.94
FC1=C(C2=NC(OCC(CCCCCCCC)CCCCCC)=CN=C2C(C)=C1)C3=CC=C(S3)C,10.5,10.3,23.72,0.54,0.82,2.54,50.2,25.1,2.0,5.41,2.87
O=C(C1=C(C2=C(SC(C3=CC4=C(S3)C(C5=CC(Cl)=C(S5)CC(CCCC)CC)=C6C=C(SC6=C4C7=CC(Cl)=C(S7)CC(CCCC)CC)C)=C2S1)C)F)OCC(CCCC)CC,8.46,8.33,13.95,0.601,1.01,1.86,87.5,44.0,1.99,5.47,3.61
O=C(C1=C(C2=C(SC(C3=CC4=C(S3)C(C5=CC=C(S5)CC(CCCC)CC)=C6C=C(SC6=C4C7=CC=C(S7)CC(CCCC)CC)C)=C2S1)C)Cl)OCC(CCCC)CC,7.57,7.47,14.53,0.58,0.91,1.88,103.0,24.0,4.3,5.43,3.55
O=C(C1=C(C2=C(SC(C3=CC4=C(S3)C(C5=CC=C(S5)SCCCCCCCC)=C6C=C(SC6=C4C7=CC=C(S7)SCCCCCCCC)C)=C2S1)C)F)OCC(CCCC)CC,7.24,6.94,13.23,0.594,0.887,1.55,50.0,25.0,2.0,5.295,3.615
O=C(C1=C(CC(CC)CCCC)SC(CC(CC)CCCC)=C21)C3=C(C4=CC(CC(CC)CCCC)=C(C5=CC=C(C6=C(F)C(F)=C(C7=CC=C(C)S7)C=C6)S5)S4)SC(C8=CC(CC(CC)CCCC)=C(C)S8)=C3C2=O,5.47,5.14,11.68,0.46,0.96,1.89,103.6,28.0,3.7,5.49,3.6
O=C(C1=C(CC(CC)CCCC)SC(CC(CC)CCCC)=C21)C3=C(C4=CC(CC(CC)CCCC)=C(C5=CC=C(C6=C(F)C=C(C7=CC=C(C)S7)C(F)=C6)S5)S4)SC(C8=CC(CC(CC)CCCC)=C(C)S8)=C3C2=O,6.6,6.19,13.24,0.49,0.96,1.88,148.8,31.0,4.8,5.49,3.61
O=C(C1=C(F)C2=C(SC(C3=CC4=C(S3)C(C5=CC(F)=C(CSC(CCCC)CC)S5)=C6C=C(SC6=C4C7=CC(F)=C(CSC(CCCC)CC)S7)C)=C2S1)C)OCC(CC)CCCC,5.95,5.57,12.1,0.534,0.86,1.59,31.0,17.6,1.76,5.49,3.9
O=C(C1=C(F)C2=C(SC(C3=CC4=C(S3)C(C5=CC(F)=C(S5)CC(CCCC)CC)=C6C=C(SC6=C4C7=CC(F)=C(S7)CC(CCCC)CC)C)=C2S1)C)OCC(CC)CCCC,7.9,7.44,13.1,0.571,0.995,1.65,39.6,20.6,1.92,5.65,4.0
O=C(C1=C(F)C2=C(SC(C3=CC4=C(S3)C(C5=CC=C(S5)CC(CCCC)CC)=C6C=C(SC6=C4C7=CC=C(S7)CC(CCCC)CC)C)=C2S1)C)OCC(CC)CCCC,8.02,7.62,14.8,0.642,0.805,1.62,53.4,24.5,2.18,5.44,3.82
O=C(C1=C(F)C2=C(SC(C3=CC4=C(S3)C(C5=CC=C([Se]5)CC(CCCC)CC)=C6C=C(SC6=C4C7=CC=C([Se]7)CC(CCCC)CC)C)=C2S1)C)OCC(CC)CCCC,7.42,7.26,15.6,0.594,0.785,1.62,245.2,40.4,6.07,5.47,3.85
O=C(C1=CC2=C(SC(C3=CC4=C(S3)C(C5=CC=C(S5)CC(CCCC)CC)=C6C=C(SC6=C4C7=CC=C(S7)CC(CCCC)CC)C)=C2S1)C)CC(CC)CCCC,6.08,6.0,12.83,0.564,0.84,1.86,56.0,20.0,2.8,5.11,3.25
O=C(N(CC(CCCC)CCCCCC)C(C1=C2SC(C3=C(CCCCCCCCCCCC)C=C(C4=CC=C(C5=CC(CCCCCCCCCCCC)=C(C)S5)S4)S3)=C1)=O)C6=C2SC(C)=C6,3.67,3.6,6.56,0.546,1.024,1.81,62.0,31.0,2.0,5.580000000000001,3.77
O=C(N(CC(CCCCCC)CCCCCCC)C1=C2SC(C)=C1)C3=C2C=C(C(N(CC(CCCCCC)CCCCCCCC)C4=C5SC(C6=CC=C(C)S6)=C4)=O)C5=C3,9.1,8.97,13.9,0.683,0.96,1.85,143.0,95.3,1.5,5.43,3.58
O=C(OCC(CC)CCCC)C1=C(F)C2=C(C)SC(C3=CC4=C(C(C5=CC=C(CC(CC)CCCC)S5)=C(C=C(C)S6)C6=C4C7=CC=C(CC(CC)CCCC)S7)S3)=C2S1,13.7,13.3,24.32,0.743,0.742,1.61,124.0,72.9,1.7,5.226862745098039,3.581764705882353
O=C(OCC(CCCC)CCCCCC)C(C=C(C1=CC(C(OCC(CCCC)CCCCCC)=O)=C(C2=CC=C(C)S2)S1)S3)=C3C4=CC=C(C)S4,8.82,8.82,16.44,0.578,0.928,2.31,50.0,25.0,2.0,5.31,3.0
O=C1N(C(C2=CC=C(S2)C)=C3C1=C(N(C3=O)CC(CCCCCC)CCCCCCCC)C4=CC=C(C5=CC(CCCCCC)=C(C6=CC=C(C7=C(CCCCCC)C=C(C)S7)S6)S5)S4)CC(CCCCCCCC)CCCCCC,4.1,4.1,9.6,0.61,0.69,1.45,84.0,42.0,2.0,5.25,3.8
O=C1N(C(C2=CC=C(S2)C)=C3C1=C(N(C3=O)CC(CCCCCC)CCCCCCCC)C4=CC=C(C5=CC(CCCCCC)=C(C6=CC=C(C7=CC=C(C8=C(CCCCCC)C=C(C)S8)S7)S6)S5)S4)CC(CCCCCCCC)CCCCCC,3.8,3.8,9.3,0.6,0.68,1.5,68.0,34.0,2.0,5.33,3.83
O=C1N(C(C2=CC=C(S2)C)=C3C1=C(N(C3=O)CC(CCCCCC)CCCCCCCC)C4=CC=C(C5=CC=C(C6=CC=C(S6)C)S5)S4)CC(CCCCCCCC)CCCCCC,3.9,3.9,8.0,0.63,0.78,1.43,312.0,156.0,2.0,5.3,3.87
O=C1N(C(C2=CC=C(S2)C)=C3C1=C(N(C3=O)CC(CCCCCC)CCCCCCCC)C4=CC=C(S4)C5=CC=C(S5)C)CC(CCCCCCCC)CCCCCC,1.9,1.9,4.2,0.59,0.78,1.33,738.0,369.0,2.0,5.4,4.07
O=C1N(CC(CCCCCC)CCCCCCCC)C2=C(C=CC(C3=CC(CC(CCCCCC)CCCCCCCC)=C(C4=CC(F)=C(C5=C(F)C=C(C)S5)S4)S3)=C2)C6=C1C=C(C7=CC(CC(CCCCCC)CCCCCCCC)=C(C)S7)C=C6,8.54,8.32,16.15,0.642,0.82,3.01,141.7,65.6,2.16,5.43,2.42
